id, code, score, version, temporal_score, temporal_vector, impact_score
"1","CVSS:3.1/AV:N/AC:L/PR:N/UI:N/S:U/C:H/I:H/A:H","10","3.1",,,
"2","CVSS:3.1/AV:N/AC:L/PR:N/UI:N/S:U/C:N/I:N/A:L","5","3.1",,,
"3","CVSS:3.1/AV:A/AC:L/PR:N/UI:N/S:U/C:L/I:L/A:N","4.8","3.1",,,
"4","CVSS:3.1/AV:N/AC:L/PR:N/UI:N/S:U/C:L/I:N/A:N","5","3.1",,,
"5","CVSS:3.1/AV:L/AC:L/PR:N/UI:N/S:U/C:L/I:L/A:L","4.6","3.1",,,
"6","CVSS:3.1/AV:N/AC:H/PR:N/UI:N/S:U/C:L/I:L/A:L","6.8","3.1",,,
"7","CVSS:3.1/AV:N/AC:L/PR:N/UI:N/S:U/C:L/I:L/A:L","7.5","3.1",,,
"8","CVSS:3.1/AV:N/AC:H/PR:N/UI:N/S:U/C:N/I:N/A:L","4.3","3.1",,,
"9","CVSS:3.1/AV:N/AC:H/PR:N/UI:N/S:U/C:N/I:N/A:H","7.1","3.1",,,
"10","CVSS:3.1/AV:N/AC:H/PR:N/UI:N/S:U/C:N/I:L/A:N","4.3","3.1",,,
"11","CVSS:3.1/AV:N/AC:L/PR:N/UI:N/S:U/C:L/I:N/A:L","6.4","3.1",,,
"12","CVSS:3.1/AV:N/AC:H/PR:N/UI:N/S:U/C:L/I:L/A:N","5.8","3.1",,,
"13","CVSS:3.1/AV:N/AC:H/PR:N/UI:N/S:U/C:H/I:H/A:H","9.3","3.1",,,
"14","CVSS:3.1/AV:N/AC:L/PR:L/UI:N/S:U/C:H/I:H/A:H","9","3.1",,,
"15","CVSS:3.1/AV:N/AC:H/PR:N/UI:N/S:U/C:L/I:N/A:N","2.6","3.1",,,
"16","CVSS:3.1/AV:N/AC:H/PR:N/UI:N/S:U/C:L/I:L/A:H","8.3","3.1",,,
"17","CVSS:3.1/AV:N/AC:H/PR:N/UI:N/S:U/C:H/I:H/A:H","7.6","3.1",,,
"18","CVSS:3.1/AV:L/AC:L/PR:N/UI:N/S:U/C:N/I:N/A:L","2.1","3.1",,,
"19","CVSS:3.1/AV:N/AC:L/PR:N/UI:N/S:U/C:N/I:L/A:N","5","3.1",,,
"20","CVSS:3.1/AV:N/AC:H/PR:N/UI:N/S:U/C:N/I:L/A:L","4","3.1",,,
"21","CVSS:3.1/AV:N/AC:L/PR:N/UI:N/S:U/C:L/I:L/A:N","6.4","3.1",,,
"22","CVSS:3.1/AV:N/AC:H/PR:N/UI:N/S:U/C:N/I:L/A:L","5.8","3.1",,,
"23","CVSS:3.1/AV:L/AC:L/PR:N/UI:N/S:U/C:H/I:H/A:H","7.2","3.1",,,
"24","CVSS:3.1/AV:N/AC:H/PR:L/UI:N/S:U/C:L/I:N/A:N","2.1","3.1",,,
"25","CVSS:3.1/AV:N/AC:L/PR:L/UI:N/S:U/C:L/I:N/A:N","4","3.1",,,
"26","CVSS:3.1/AV:N/AC:L/PR:N/UI:N/S:U/C:N/I:N/A:H","7.8","3.1",,,
"27","CVSS:3.1/AV:L/AC:L/PR:N/UI:N/S:U/C:N/I:N/A:H","4.9","3.1",,,
"28","CVSS:3.1/AV:L/AC:H/PR:N/UI:N/S:U/C:H/I:L/A:N","5.4","3.1",,,
"29","CVSS:3.1/AV:L/AC:H/PR:N/UI:N/S:U/C:H/I:N/A:N","4.7","3.1",,,
"30","CVSS:3.1/AV:L/AC:L/PR:N/UI:N/S:U/C:L/I:N/A:N","2.1","3.1",,,
"31","CVSS:3.1/AV:L/AC:H/PR:N/UI:N/S:U/C:H/I:H/A:H","6.9","3.1",,,
"32","CVSS:3.1/AV:N/AC:H/PR:N/UI:N/S:U/C:L/I:N/A:N","4.3","3.1",,,
"33","CVSS:3.1/AV:N/AC:H/PR:N/UI:N/S:U/C:L/I:L/A:N","4","3.1",,,
"34","CVSS:3.1/AV:N/AC:H/PR:L/UI:N/S:U/C:L/I:L/A:L","4.6","3.1",,,
"36","CVSS:3.1/AV:A/AC:L/PR:L/UI:N/S:U/C:L/I:L/A:L","5.5","3.1",,,
"37","CVSS:3.1/AV:L/AC:H/PR:N/UI:N/S:U/C:L/I:N/A:L","4","3.1",,,
"38","CVSS:3.1/AV:N/AC:H/PR:L/UI:R/S:U/C:N/I:L/A:N","2.6","3.1",,,
"39","CVSS:3.1/AV:A/AC:H/PR:N/UI:R/S:U/C:L/I:L/A:N","3.7","3.1",,,
"40","CVSS:3.1/AV:A/AC:H/PR:N/UI:R/S:U/C:L/I:L/A:N","3.7","3.1",,,
"41","CVSS:3.1/AV:N/AC:L/PR:N/UI:N/S:U/C:H/I:H/A:H","10","3.1",,,
"42","CVSS:3.1/AV:N/AC:L/PR:N/UI:N/S:U/C:N/I:N/A:L","5","3.1",,,
"43","CVSS:3.1/AV:A/AC:L/PR:N/UI:N/S:U/C:L/I:L/A:N","4.8","3.1",,,
"44","CVSS:3.1/AV:N/AC:L/PR:N/UI:N/S:U/C:L/I:N/A:N","5","3.1",,,
"45","CVSS:3.1/AV:L/AC:L/PR:N/UI:N/S:U/C:L/I:L/A:L","4.6","3.1",,,
"46","CVSS:3.1/AV:N/AC:H/PR:N/UI:N/S:U/C:L/I:L/A:L","6.8","3.1",,,
"47","CVSS:3.1/AV:N/AC:L/PR:N/UI:N/S:U/C:L/I:L/A:L","7.5","3.1",,,
"48","CVSS:3.1/AV:N/AC:H/PR:N/UI:N/S:U/C:N/I:N/A:L","4.3","3.1",,,
"49","CVSS:3.1/AV:N/AC:H/PR:N/UI:N/S:U/C:N/I:N/A:H","7.1","3.1",,,
"50","CVSS:3.1/AV:N/AC:H/PR:N/UI:N/S:U/C:N/I:L/A:N","4.3","3.1",,,
"51","CVSS:3.1/AV:N/AC:L/PR:N/UI:N/S:U/C:L/I:N/A:L","6.4","3.1",,,
"52","CVSS:3.1/AV:N/AC:H/PR:N/UI:N/S:U/C:L/I:L/A:N","5.8","3.1",,,
"53","CVSS:3.1/AV:N/AC:H/PR:N/UI:N/S:U/C:H/I:H/A:H","9.3","3.1",,,
"54","CVSS:3.1/AV:N/AC:L/PR:L/UI:N/S:U/C:H/I:H/A:H","9","3.1",,,
"55","CVSS:3.1/AV:N/AC:H/PR:N/UI:N/S:U/C:L/I:N/A:N","2.6","3.1",,,
"56","CVSS:3.1/AV:N/AC:H/PR:N/UI:N/S:U/C:L/I:L/A:H","8.3","3.1",,,
"57","CVSS:3.1/AV:N/AC:H/PR:N/UI:N/S:U/C:H/I:H/A:H","7.6","3.1",,,
"58","CVSS:3.1/AV:L/AC:L/PR:N/UI:N/S:U/C:N/I:N/A:L","2.1","3.1",,,
"59","CVSS:3.1/AV:N/AC:L/PR:N/UI:N/S:U/C:N/I:L/A:N","5","3.1",,,
"60","CVSS:3.1/AV:N/AC:H/PR:N/UI:N/S:U/C:N/I:L/A:L","4","3.1",,,
"61","CVSS:3.1/AV:N/AC:L/PR:N/UI:N/S:U/C:L/I:L/A:N","6.4","3.1",,,
"62","CVSS:3.1/AV:N/AC:H/PR:N/UI:N/S:U/C:N/I:L/A:L","5.8","3.1",,,
"63","CVSS:3.1/AV:L/AC:L/PR:N/UI:N/S:U/C:H/I:H/A:H","7.2","3.1",,,
"64","CVSS:3.1/AV:N/AC:H/PR:L/UI:N/S:U/C:L/I:N/A:N","2.1","3.1",,,
"65","CVSS:3.1/AV:N/AC:L/PR:L/UI:N/S:U/C:L/I:N/A:N","4","3.1",,,
"66","CVSS:3.1/AV:N/AC:L/PR:N/UI:N/S:U/C:N/I:N/A:H","7.8","3.1",,,
"67","CVSS:3.1/AV:L/AC:L/PR:N/UI:N/S:U/C:N/I:N/A:H","4.9","3.1",,,
"68","CVSS:3.1/AV:L/AC:H/PR:N/UI:N/S:U/C:H/I:L/A:N","5.4","3.1",,,
"69","CVSS:3.1/AV:L/AC:H/PR:N/UI:N/S:U/C:H/I:N/A:N","4.7","3.1",,,
"70","CVSS:3.1/AV:L/AC:L/PR:N/UI:N/S:U/C:L/I:N/A:N","2.1","3.1",,,
"71","CVSS:3.1/AV:L/AC:H/PR:N/UI:N/S:U/C:H/I:H/A:H","6.9","3.1",,,
"72","CVSS:3.1/AV:N/AC:H/PR:N/UI:N/S:U/C:L/I:N/A:N","4.3","3.1",,,
"73","CVSS:3.1/AV:N/AC:H/PR:N/UI:N/S:U/C:L/I:L/A:N","4","3.1",,,
"74","CVSS:3.1/AV:N/AC:H/PR:L/UI:N/S:U/C:L/I:L/A:L","4.6","3.1",,,
"75","CVSS:3.1/AV:A/AC:L/PR:L/UI:N/S:U/C:L/I:L/A:L","5.5","3.1",,,
"76","CVSS:3.1/AV:L/AC:H/PR:N/UI:N/S:U/C:L/I:N/A:L","4","3.1",,,
"77","CVSS:3.1/AV:N/AC:H/PR:L/UI:R/S:U/C:N/I:L/A:N","2.6","3.1",,,
"78","CVSS:3.1/AV:A/AC:H/PR:N/UI:R/S:U/C:L/I:L/A:N","3.7","3.1",,,
"79","CVSS:3.1/AV:A/AC:H/PR:N/UI:R/S:U/C:L/I:L/A:N","3.7","3.1",,,
"80","CVSS:3.1/AV:N/AC:L/PR:N/UI:N/S:U/C:H/I:H/A:H","10","3.1",,,
"81","CVSS:3.1/AV:N/AC:L/PR:N/UI:N/S:U/C:N/I:N/A:L","5","3.1",,,
"82","CVSS:3.1/AV:A/AC:L/PR:N/UI:N/S:U/C:L/I:L/A:N","4.8","3.1",,,
"83","CVSS:3.1/AV:N/AC:L/PR:N/UI:N/S:U/C:L/I:N/A:N","5","3.1",,,
"84","CVSS:3.1/AV:L/AC:L/PR:N/UI:N/S:U/C:L/I:L/A:L","4.6","3.1",,,
"85","CVSS:3.1/AV:N/AC:H/PR:N/UI:N/S:U/C:L/I:L/A:L","6.8","3.1",,,
"86","CVSS:3.1/AV:N/AC:L/PR:N/UI:N/S:U/C:L/I:L/A:L","7.5","3.1",,,
"87","CVSS:3.1/AV:N/AC:H/PR:N/UI:N/S:U/C:N/I:N/A:L","4.3","3.1",,,
"88","CVSS:3.1/AV:N/AC:H/PR:N/UI:N/S:U/C:N/I:N/A:H","7.1","3.1",,,
"89","CVSS:3.1/AV:N/AC:H/PR:N/UI:N/S:U/C:N/I:L/A:N","4.3","3.1",,,
"90","CVSS:3.1/AV:N/AC:L/PR:N/UI:N/S:U/C:L/I:N/A:L","6.4","3.1",,,
"91","CVSS:3.1/AV:N/AC:H/PR:N/UI:N/S:U/C:L/I:L/A:N","5.8","3.1",,,
"92","CVSS:3.1/AV:N/AC:H/PR:N/UI:N/S:U/C:H/I:H/A:H","9.3","3.1",,,
"93","CVSS:3.1/AV:N/AC:L/PR:L/UI:N/S:U/C:H/I:H/A:H","9","3.1",,,
"94","CVSS:3.1/AV:N/AC:H/PR:N/UI:N/S:U/C:L/I:N/A:N","2.6","3.1",,,
"95","CVSS:3.1/AV:N/AC:H/PR:N/UI:N/S:U/C:L/I:L/A:H","8.3","3.1",,,
"96","CVSS:3.1/AV:N/AC:H/PR:N/UI:N/S:U/C:H/I:H/A:H","7.6","3.1",,,
"97","CVSS:3.1/AV:L/AC:L/PR:N/UI:N/S:U/C:N/I:N/A:L","2.1","3.1",,,
"98","CVSS:3.1/AV:N/AC:L/PR:N/UI:N/S:U/C:N/I:L/A:N","5","3.1",,,
"99","CVSS:3.1/AV:N/AC:H/PR:N/UI:N/S:U/C:N/I:L/A:L","4","3.1",,,
"100","CVSS:3.1/AV:N/AC:L/PR:N/UI:N/S:U/C:L/I:L/A:N","6.4","3.1",,,
"101","CVSS:3.1/AV:N/AC:H/PR:N/UI:N/S:U/C:N/I:L/A:L","5.8","3.1",,,
"102","CVSS:3.1/AV:L/AC:L/PR:N/UI:N/S:U/C:H/I:H/A:H","7.2","3.1",,,
"103","CVSS:3.1/AV:N/AC:H/PR:L/UI:N/S:U/C:L/I:N/A:N","2.1","3.1",,,
"104","CVSS:3.1/AV:N/AC:L/PR:L/UI:N/S:U/C:L/I:N/A:N","4","3.1",,,
"105","CVSS:3.1/AV:N/AC:L/PR:N/UI:N/S:U/C:N/I:N/A:H","7.8","3.1",,,
"106","CVSS:3.1/AV:L/AC:L/PR:N/UI:N/S:U/C:N/I:N/A:H","4.9","3.1",,,
"107","CVSS:3.1/AV:L/AC:H/PR:N/UI:N/S:U/C:H/I:L/A:N","5.4","3.1",,,
"108","CVSS:3.1/AV:L/AC:H/PR:N/UI:N/S:U/C:H/I:N/A:N","4.7","3.1",,,
"109","CVSS:3.1/AV:L/AC:L/PR:N/UI:N/S:U/C:L/I:N/A:N","2.1","3.1",,,
"110","CVSS:3.1/AV:L/AC:H/PR:N/UI:N/S:U/C:H/I:H/A:H","6.9","3.1",,,
"111","CVSS:3.1/AV:N/AC:H/PR:N/UI:N/S:U/C:L/I:N/A:N","4.3","3.1",,,
"112","CVSS:3.1/AV:N/AC:H/PR:N/UI:N/S:U/C:L/I:L/A:N","4","3.1",,,
"113","CVSS:3.1/AV:N/AC:H/PR:L/UI:N/S:U/C:L/I:L/A:L","4.6","3.1",,,
"114","CVSS:3.1/AV:A/AC:L/PR:L/UI:N/S:U/C:L/I:L/A:L","5.5","3.1",,,
"115","CVSS:3.1/AV:L/AC:H/PR:N/UI:N/S:U/C:L/I:N/A:L","4","3.1",,,
"116","CVSS:3.1/AV:N/AC:H/PR:L/UI:R/S:U/C:N/I:L/A:N","2.6","3.1",,,
"117","CVSS:3.1/AV:A/AC:H/PR:N/UI:R/S:U/C:L/I:L/A:N","3.7","3.1",,,
"118","CVSS:3.1/AV:A/AC:H/PR:N/UI:R/S:U/C:L/I:L/A:N","3.7","3.1",,,
"119","CVSS:3.1/AV:N/AC:L/PR:N/UI:N/S:U/C:H/I:H/A:H","10","3.1",,,
"120","CVSS:3.1/AV:N/AC:L/PR:N/UI:N/S:U/C:N/I:N/A:L","5","3.1",,,
"121","CVSS:3.1/AV:A/AC:L/PR:N/UI:N/S:U/C:L/I:L/A:N","4.8","3.1",,,
"122","CVSS:3.1/AV:N/AC:L/PR:N/UI:N/S:U/C:L/I:N/A:N","5","3.1",,,
"123","CVSS:3.1/AV:L/AC:L/PR:N/UI:N/S:U/C:L/I:L/A:L","4.6","3.1",,,
"124","CVSS:3.1/AV:N/AC:H/PR:N/UI:N/S:U/C:L/I:L/A:L","6.8","3.1",,,
"125","CVSS:3.1/AV:N/AC:L/PR:N/UI:N/S:U/C:L/I:L/A:L","7.5","3.1",,,
"126","CVSS:3.1/AV:N/AC:H/PR:N/UI:N/S:U/C:N/I:N/A:L","4.3","3.1",,,
"127","CVSS:3.1/AV:N/AC:H/PR:N/UI:N/S:U/C:N/I:N/A:H","7.1","3.1",,,
"128","CVSS:3.1/AV:N/AC:H/PR:N/UI:N/S:U/C:N/I:L/A:N","4.3","3.1",,,
"129","CVSS:3.1/AV:N/AC:L/PR:N/UI:N/S:U/C:L/I:N/A:L","6.4","3.1",,,
"130","CVSS:3.1/AV:N/AC:H/PR:N/UI:N/S:U/C:L/I:L/A:N","5.8","3.1",,,
"131","CVSS:3.1/AV:N/AC:H/PR:N/UI:N/S:U/C:H/I:H/A:H","9.3","3.1",,,
"132","CVSS:3.1/AV:N/AC:L/PR:L/UI:N/S:U/C:H/I:H/A:H","9","3.1",,,
"133","CVSS:3.1/AV:N/AC:H/PR:N/UI:N/S:U/C:L/I:N/A:N","2.6","3.1",,,
"134","CVSS:3.1/AV:N/AC:H/PR:N/UI:N/S:U/C:L/I:L/A:H","8.3","3.1",,,
"135","CVSS:3.1/AV:N/AC:H/PR:N/UI:N/S:U/C:H/I:H/A:H","7.6","3.1",,,
"136","CVSS:3.1/AV:L/AC:L/PR:N/UI:N/S:U/C:N/I:N/A:L","2.1","3.1",,,
"137","CVSS:3.1/AV:N/AC:L/PR:N/UI:N/S:U/C:N/I:L/A:N","5","3.1",,,
"138","CVSS:3.1/AV:N/AC:H/PR:N/UI:N/S:U/C:N/I:L/A:L","4","3.1",,,
"139","CVSS:3.1/AV:N/AC:L/PR:N/UI:N/S:U/C:L/I:L/A:N","6.4","3.1",,,
"140","CVSS:3.1/AV:N/AC:H/PR:N/UI:N/S:U/C:N/I:L/A:L","5.8","3.1",,,
"141","CVSS:3.1/AV:L/AC:L/PR:N/UI:N/S:U/C:H/I:H/A:H","7.2","3.1",,,
"142","CVSS:3.1/AV:N/AC:H/PR:L/UI:N/S:U/C:L/I:N/A:N","2.1","3.1",,,
"143","CVSS:3.1/AV:N/AC:L/PR:L/UI:N/S:U/C:L/I:N/A:N","4","3.1",,,
"144","CVSS:3.1/AV:N/AC:L/PR:N/UI:N/S:U/C:N/I:N/A:H","7.8","3.1",,,
"145","CVSS:3.1/AV:L/AC:L/PR:N/UI:N/S:U/C:N/I:N/A:H","4.9","3.1",,,
"146","CVSS:3.1/AV:L/AC:H/PR:N/UI:N/S:U/C:H/I:L/A:N","5.4","3.1",,,
"147","CVSS:3.1/AV:L/AC:H/PR:N/UI:N/S:U/C:H/I:N/A:N","4.7","3.1",,,
"148","CVSS:3.1/AV:L/AC:L/PR:N/UI:N/S:U/C:L/I:N/A:N","2.1","3.1",,,
"149","CVSS:3.1/AV:L/AC:H/PR:N/UI:N/S:U/C:H/I:H/A:H","6.9","3.1",,,
"150","CVSS:3.1/AV:N/AC:H/PR:N/UI:N/S:U/C:L/I:N/A:N","4.3","3.1",,,
"151","CVSS:3.1/AV:N/AC:H/PR:N/UI:N/S:U/C:L/I:L/A:N","4","3.1",,,
"152","CVSS:3.1/AV:N/AC:H/PR:L/UI:N/S:U/C:L/I:L/A:L","4.6","3.1",,,
"153","CVSS:3.1/AV:A/AC:L/PR:L/UI:N/S:U/C:L/I:L/A:L","5.5","3.1",,,
"154","CVSS:3.1/AV:L/AC:H/PR:N/UI:N/S:U/C:L/I:N/A:L","4","3.1",,,
"155","CVSS:3.1/AV:N/AC:H/PR:L/UI:R/S:U/C:N/I:L/A:N","2.6","3.1",,,
"156","CVSS:3.1/AV:A/AC:H/PR:N/UI:R/S:U/C:L/I:L/A:N","3.7","3.1",,,
"157","CVSS:3.1/AV:A/AC:H/PR:N/UI:R/S:U/C:L/I:L/A:N","3.7","3.1",,,
"158","CVSS:3.1/AV:N/AC:L/PR:N/UI:N/S:U/C:H/I:H/A:H","10","3.1",,,
"159","CVSS:3.1/AV:N/AC:L/PR:N/UI:N/S:U/C:N/I:N/A:L","5","3.1",,,
"160","CVSS:3.1/AV:A/AC:L/PR:N/UI:N/S:U/C:L/I:L/A:N","4.8","3.1",,,
"161","CVSS:3.1/AV:N/AC:L/PR:N/UI:N/S:U/C:L/I:N/A:N","5","3.1",,,
"162","CVSS:3.1/AV:L/AC:L/PR:N/UI:N/S:U/C:L/I:L/A:L","4.6","3.1",,,
"163","CVSS:3.1/AV:N/AC:H/PR:N/UI:N/S:U/C:L/I:L/A:L","6.8","3.1",,,
"164","CVSS:3.1/AV:N/AC:L/PR:N/UI:N/S:U/C:L/I:L/A:L","7.5","3.1",,,
"165","CVSS:3.1/AV:N/AC:H/PR:N/UI:N/S:U/C:N/I:N/A:L","4.3","3.1",,,
"166","CVSS:3.1/AV:N/AC:H/PR:N/UI:N/S:U/C:N/I:N/A:H","7.1","3.1",,,
"167","CVSS:3.1/AV:N/AC:H/PR:N/UI:N/S:U/C:N/I:L/A:N","4.3","3.1",,,
"168","CVSS:3.1/AV:N/AC:L/PR:N/UI:N/S:U/C:L/I:N/A:L","6.4","3.1",,,
"169","CVSS:3.1/AV:N/AC:H/PR:N/UI:N/S:U/C:L/I:L/A:N","5.8","3.1",,,
"170","CVSS:3.1/AV:N/AC:H/PR:N/UI:N/S:U/C:H/I:H/A:H","9.3","3.1",,,
"171","CVSS:3.1/AV:N/AC:L/PR:L/UI:N/S:U/C:H/I:H/A:H","9","3.1",,,
"172","CVSS:3.1/AV:N/AC:H/PR:N/UI:N/S:U/C:L/I:N/A:N","2.6","3.1",,,
"173","CVSS:3.1/AV:N/AC:H/PR:N/UI:N/S:U/C:L/I:L/A:H","8.3","3.1",,,
"174","CVSS:3.1/AV:N/AC:H/PR:N/UI:N/S:U/C:H/I:H/A:H","7.6","3.1",,,
"175","CVSS:3.1/AV:L/AC:L/PR:N/UI:N/S:U/C:N/I:N/A:L","2.1","3.1",,,
"176","CVSS:3.1/AV:N/AC:L/PR:N/UI:N/S:U/C:N/I:L/A:N","5","3.1",,,
"177","CVSS:3.1/AV:N/AC:H/PR:N/UI:N/S:U/C:N/I:L/A:L","4","3.1",,,
"178","CVSS:3.1/AV:N/AC:L/PR:N/UI:N/S:U/C:L/I:L/A:N","6.4","3.1",,,
"179","CVSS:3.1/AV:N/AC:H/PR:N/UI:N/S:U/C:N/I:L/A:L","5.8","3.1",,,
"180","CVSS:3.1/AV:L/AC:L/PR:N/UI:N/S:U/C:H/I:H/A:H","7.2","3.1",,,
"181","CVSS:3.1/AV:N/AC:H/PR:L/UI:N/S:U/C:L/I:N/A:N","2.1","3.1",,,
"182","CVSS:3.1/AV:N/AC:L/PR:L/UI:N/S:U/C:L/I:N/A:N","4","3.1",,,
"183","CVSS:3.1/AV:N/AC:L/PR:N/UI:N/S:U/C:N/I:N/A:H","7.8","3.1",,,
"184","CVSS:3.1/AV:L/AC:L/PR:N/UI:N/S:U/C:N/I:N/A:H","4.9","3.1",,,
"185","CVSS:3.1/AV:L/AC:H/PR:N/UI:N/S:U/C:H/I:L/A:N","5.4","3.1",,,
"186","CVSS:3.1/AV:L/AC:H/PR:N/UI:N/S:U/C:H/I:N/A:N","4.7","3.1",,,
"187","CVSS:3.1/AV:L/AC:L/PR:N/UI:N/S:U/C:L/I:N/A:N","2.1","3.1",,,
"188","CVSS:3.1/AV:L/AC:H/PR:N/UI:N/S:U/C:H/I:H/A:H","6.9","3.1",,,
"189","CVSS:3.1/AV:N/AC:H/PR:N/UI:N/S:U/C:L/I:N/A:N","4.3","3.1",,,
"190","CVSS:3.1/AV:N/AC:H/PR:N/UI:N/S:U/C:L/I:L/A:N","4","3.1",,,
"191","CVSS:3.1/AV:N/AC:H/PR:L/UI:N/S:U/C:L/I:L/A:L","4.6","3.1",,,
"192","CVSS:3.1/AV:A/AC:L/PR:L/UI:N/S:U/C:L/I:L/A:L","5.5","3.1",,,
"193","CVSS:3.1/AV:L/AC:H/PR:N/UI:N/S:U/C:L/I:N/A:L","4","3.1",,,
"194","CVSS:3.1/AV:N/AC:H/PR:L/UI:R/S:U/C:N/I:L/A:N","2.6","3.1",,,
"195","CVSS:3.1/AV:A/AC:H/PR:N/UI:R/S:U/C:L/I:L/A:N","3.7","3.1",,,
"196","CVSS:3.1/AV:N/AC:L/PR:N/UI:N/S:U/C:H/I:H/A:H","10","3.1",,,
"197","CVSS:3.1/AV:N/AC:L/PR:N/UI:N/S:U/C:N/I:N/A:L","5","3.1",,,
"198","CVSS:3.1/AV:A/AC:L/PR:N/UI:N/S:U/C:L/I:L/A:N","4.8","3.1",,,
"199","CVSS:3.1/AV:N/AC:L/PR:N/UI:N/S:U/C:L/I:N/A:N","5","3.1",,,
"200","CVSS:3.1/AV:L/AC:L/PR:N/UI:N/S:U/C:L/I:L/A:L","4.6","3.1",,,
"201","CVSS:3.1/AV:N/AC:H/PR:N/UI:N/S:U/C:L/I:L/A:L","6.8","3.1",,,
"202","CVSS:3.1/AV:N/AC:L/PR:N/UI:N/S:U/C:L/I:L/A:L","7.5","3.1",,,
"203","CVSS:3.1/AV:N/AC:H/PR:N/UI:N/S:U/C:N/I:N/A:L","4.3","3.1",,,
"204","CVSS:3.1/AV:N/AC:H/PR:N/UI:N/S:U/C:N/I:N/A:H","7.1","3.1",,,
"205","CVSS:3.1/AV:N/AC:H/PR:N/UI:N/S:U/C:N/I:L/A:N","4.3","3.1",,,
"206","CVSS:3.1/AV:N/AC:L/PR:N/UI:N/S:U/C:L/I:N/A:L","6.4","3.1",,,
"207","CVSS:3.1/AV:N/AC:H/PR:N/UI:N/S:U/C:L/I:L/A:N","5.8","3.1",,,
"208","CVSS:3.1/AV:N/AC:H/PR:N/UI:N/S:U/C:H/I:H/A:H","9.3","3.1",,,
"209","CVSS:3.1/AV:N/AC:L/PR:L/UI:N/S:U/C:H/I:H/A:H","9","3.1",,,
"210","CVSS:3.1/AV:N/AC:H/PR:N/UI:N/S:U/C:L/I:N/A:N","2.6","3.1",,,
"211","CVSS:3.1/AV:N/AC:H/PR:N/UI:N/S:U/C:L/I:L/A:H","8.3","3.1",,,
"212","CVSS:3.1/AV:N/AC:H/PR:N/UI:N/S:U/C:H/I:H/A:H","7.6","3.1",,,
"213","CVSS:3.1/AV:L/AC:L/PR:N/UI:N/S:U/C:N/I:N/A:L","2.1","3.1",,,
"214","CVSS:3.1/AV:N/AC:L/PR:N/UI:N/S:U/C:N/I:L/A:N","5","3.1",,,
"215","CVSS:3.1/AV:N/AC:H/PR:N/UI:N/S:U/C:N/I:L/A:L","4","3.1",,,
"216","CVSS:3.1/AV:N/AC:L/PR:N/UI:N/S:U/C:L/I:L/A:N","6.4","3.1",,,
"217","CVSS:3.1/AV:N/AC:H/PR:N/UI:N/S:U/C:N/I:L/A:L","5.8","3.1",,,
"218","CVSS:3.1/AV:L/AC:L/PR:N/UI:N/S:U/C:H/I:H/A:H","7.2","3.1",,,
"219","CVSS:3.1/AV:N/AC:H/PR:L/UI:N/S:U/C:L/I:N/A:N","2.1","3.1",,,
"220","CVSS:3.1/AV:N/AC:L/PR:L/UI:N/S:U/C:L/I:N/A:N","4","3.1",,,
"221","CVSS:3.1/AV:N/AC:L/PR:N/UI:N/S:U/C:N/I:N/A:H","7.8","3.1",,,
"222","CVSS:3.1/AV:L/AC:L/PR:N/UI:N/S:U/C:N/I:N/A:H","4.9","3.1",,,
"223","CVSS:3.1/AV:L/AC:H/PR:N/UI:N/S:U/C:H/I:L/A:N","5.4","3.1",,,
"224","CVSS:3.1/AV:L/AC:H/PR:N/UI:N/S:U/C:H/I:N/A:N","4.7","3.1",,,
"225","CVSS:3.1/AV:L/AC:L/PR:N/UI:N/S:U/C:L/I:N/A:N","2.1","3.1",,,
"226","CVSS:3.1/AV:L/AC:H/PR:N/UI:N/S:U/C:H/I:H/A:H","6.9","3.1",,,
"227","CVSS:3.1/AV:N/AC:H/PR:N/UI:N/S:U/C:L/I:N/A:N","4.3","3.1",,,
"228","CVSS:3.1/AV:N/AC:H/PR:N/UI:N/S:U/C:L/I:L/A:N","4","3.1",,,
"229","CVSS:3.1/AV:N/AC:H/PR:L/UI:N/S:U/C:L/I:L/A:L","4.6","3.1",,,
"230","CVSS:3.1/AV:A/AC:L/PR:L/UI:N/S:U/C:L/I:L/A:L","5.5","3.1",,,
"231","CVSS:3.1/AV:L/AC:H/PR:N/UI:N/S:U/C:L/I:N/A:L","4","3.1",,,
"232","CVSS:3.1/AV:N/AC:H/PR:L/UI:R/S:U/C:N/I:L/A:N","2.6","3.1",,,
"233","CVSS:3.1/AV:A/AC:H/PR:N/UI:R/S:U/C:L/I:L/A:N","3.7","3.1",,,
"234","CVSS:3.1/AV:A/AC:H/PR:N/UI:R/S:U/C:L/I:L/A:N","3.7","3.1",,,
"235","CVSS:3.1/AV:N/AC:L/PR:N/UI:N/S:U/C:H/I:H/A:H","10","3.1",,,
"236","CVSS:3.1/AV:N/AC:L/PR:N/UI:N/S:U/C:N/I:N/A:L","5","3.1",,,
"237","CVSS:3.1/AV:A/AC:L/PR:N/UI:N/S:U/C:L/I:L/A:N","4.8","3.1",,,
"238","CVSS:3.1/AV:N/AC:L/PR:N/UI:N/S:U/C:L/I:N/A:N","5","3.1",,,
"239","CVSS:3.1/AV:L/AC:L/PR:N/UI:N/S:U/C:L/I:L/A:L","4.6","3.1",,,
"240","CVSS:3.1/AV:N/AC:H/PR:N/UI:N/S:U/C:L/I:L/A:L","6.8","3.1",,,
"241","CVSS:3.1/AV:N/AC:L/PR:N/UI:N/S:U/C:L/I:L/A:L","7.5","3.1",,,
"242","CVSS:3.1/AV:N/AC:H/PR:N/UI:N/S:U/C:N/I:N/A:L","4.3","3.1",,,
"243","CVSS:3.1/AV:N/AC:H/PR:N/UI:N/S:U/C:N/I:N/A:H","7.1","3.1",,,
"244","CVSS:3.1/AV:N/AC:H/PR:N/UI:N/S:U/C:N/I:L/A:N","4.3","3.1",,,
"245","CVSS:3.1/AV:N/AC:L/PR:N/UI:N/S:U/C:L/I:N/A:L","6.4","3.1",,,
"246","CVSS:3.1/AV:N/AC:H/PR:N/UI:N/S:U/C:L/I:L/A:N","5.8","3.1",,,
"247","CVSS:3.1/AV:N/AC:H/PR:N/UI:N/S:U/C:H/I:H/A:H","9.3","3.1",,,
"248","CVSS:3.1/AV:N/AC:L/PR:L/UI:N/S:U/C:H/I:H/A:H","9","3.1",,,
"249","CVSS:3.1/AV:N/AC:H/PR:N/UI:N/S:U/C:L/I:N/A:N","2.6","3.1",,,
"250","CVSS:3.1/AV:N/AC:H/PR:N/UI:N/S:U/C:L/I:L/A:H","8.3","3.1",,,
"251","CVSS:3.1/AV:N/AC:H/PR:N/UI:N/S:U/C:H/I:H/A:H","7.6","3.1",,,
"252","CVSS:3.1/AV:L/AC:L/PR:N/UI:N/S:U/C:N/I:N/A:L","2.1","3.1",,,
"253","CVSS:3.1/AV:N/AC:L/PR:N/UI:N/S:U/C:N/I:L/A:N","5","3.1",,,
"254","CVSS:3.1/AV:N/AC:H/PR:N/UI:N/S:U/C:N/I:L/A:L","4","3.1",,,
"255","CVSS:3.1/AV:N/AC:L/PR:N/UI:N/S:U/C:L/I:L/A:N","6.4","3.1",,,
"256","CVSS:3.1/AV:N/AC:H/PR:N/UI:N/S:U/C:N/I:L/A:L","5.8","3.1",,,
"257","CVSS:3.1/AV:L/AC:L/PR:N/UI:N/S:U/C:H/I:H/A:H","7.2","3.1",,,
"258","CVSS:3.1/AV:N/AC:H/PR:L/UI:N/S:U/C:L/I:N/A:N","2.1","3.1",,,
"259","CVSS:3.1/AV:N/AC:L/PR:L/UI:N/S:U/C:L/I:N/A:N","4","3.1",,,
"260","CVSS:3.1/AV:N/AC:L/PR:N/UI:N/S:U/C:N/I:N/A:H","7.8","3.1",,,
"261","CVSS:3.1/AV:L/AC:L/PR:N/UI:N/S:U/C:N/I:N/A:H","4.9","3.1",,,
"262","CVSS:3.1/AV:L/AC:H/PR:N/UI:N/S:U/C:H/I:L/A:N","5.4","3.1",,,
"263","CVSS:3.1/AV:L/AC:H/PR:N/UI:N/S:U/C:H/I:N/A:N","4.7","3.1",,,
"264","CVSS:3.1/AV:L/AC:L/PR:N/UI:N/S:U/C:L/I:N/A:N","2.1","3.1",,,
"265","CVSS:3.1/AV:L/AC:H/PR:N/UI:N/S:U/C:H/I:H/A:H","6.9","3.1",,,
"266","CVSS:3.1/AV:N/AC:H/PR:N/UI:N/S:U/C:L/I:N/A:N","4.3","3.1",,,
"267","CVSS:3.1/AV:N/AC:H/PR:N/UI:N/S:U/C:L/I:L/A:N","4","3.1",,,
"268","CVSS:3.1/AV:N/AC:H/PR:L/UI:N/S:U/C:L/I:L/A:L","4.6","3.1",,,
"269","CVSS:3.1/AV:A/AC:L/PR:L/UI:N/S:U/C:L/I:L/A:L","5.5","3.1",,,
"270","CVSS:3.1/AV:L/AC:H/PR:N/UI:N/S:U/C:L/I:N/A:L","4","3.1",,,
"271","CVSS:3.1/AV:N/AC:H/PR:L/UI:R/S:U/C:N/I:L/A:N","2.6","3.1",,,
"272","CVSS:3.1/AV:A/AC:H/PR:N/UI:R/S:U/C:L/I:L/A:N","3.7","3.1",,,
"273","CVSS:3.1/AV:A/AC:H/PR:N/UI:R/S:U/C:L/I:L/A:N","3.7","3.1",,,
"274","CVSS:3.1/AV:N/AC:L/PR:N/UI:N/S:U/C:H/I:H/A:H","10","3.1",,,
"275","CVSS:3.1/AV:N/AC:L/PR:N/UI:N/S:U/C:N/I:N/A:L","5","3.1",,,
"276","CVSS:3.1/AV:A/AC:L/PR:N/UI:N/S:U/C:L/I:L/A:N","4.8","3.1",,,
"277","CVSS:3.1/AV:N/AC:L/PR:N/UI:N/S:U/C:L/I:N/A:N","5","3.1",,,
"278","CVSS:3.1/AV:L/AC:L/PR:N/UI:N/S:U/C:L/I:L/A:L","4.6","3.1",,,
"279","CVSS:3.1/AV:N/AC:H/PR:N/UI:N/S:U/C:L/I:L/A:L","6.8","3.1",,,
"280","CVSS:3.1/AV:N/AC:L/PR:N/UI:N/S:U/C:L/I:L/A:L","7.5","3.1",,,
"281","CVSS:3.1/AV:N/AC:H/PR:N/UI:N/S:U/C:N/I:N/A:L","4.3","3.1",,,
"282","CVSS:3.1/AV:N/AC:H/PR:N/UI:N/S:U/C:N/I:N/A:H","7.1","3.1",,,
"283","CVSS:3.1/AV:N/AC:H/PR:N/UI:N/S:U/C:N/I:L/A:N","4.3","3.1",,,
"284","CVSS:3.1/AV:N/AC:L/PR:N/UI:N/S:U/C:L/I:N/A:L","6.4","3.1",,,
"285","CVSS:3.1/AV:N/AC:H/PR:N/UI:N/S:U/C:L/I:L/A:N","5.8","3.1",,,
"286","CVSS:3.1/AV:N/AC:H/PR:N/UI:N/S:U/C:H/I:H/A:H","9.3","3.1",,,
"287","CVSS:3.1/AV:N/AC:L/PR:L/UI:N/S:U/C:H/I:H/A:H","9","3.1",,,
"288","CVSS:3.1/AV:N/AC:H/PR:N/UI:N/S:U/C:L/I:N/A:N","2.6","3.1",,,
"289","CVSS:3.1/AV:N/AC:H/PR:N/UI:N/S:U/C:L/I:L/A:H","8.3","3.1",,,
"290","CVSS:3.1/AV:N/AC:H/PR:N/UI:N/S:U/C:H/I:H/A:H","7.6","3.1",,,
"291","CVSS:3.1/AV:L/AC:L/PR:N/UI:N/S:U/C:N/I:N/A:L","2.1","3.1",,,
"292","CVSS:3.1/AV:N/AC:L/PR:N/UI:N/S:U/C:N/I:L/A:N","5","3.1",,,
"293","CVSS:3.1/AV:N/AC:H/PR:N/UI:N/S:U/C:N/I:L/A:L","4","3.1",,,
"294","CVSS:3.1/AV:N/AC:L/PR:N/UI:N/S:U/C:L/I:L/A:N","6.4","3.1",,,
"295","CVSS:3.1/AV:N/AC:H/PR:N/UI:N/S:U/C:N/I:L/A:L","5.8","3.1",,,
"296","CVSS:3.1/AV:L/AC:L/PR:N/UI:N/S:U/C:H/I:H/A:H","7.2","3.1",,,
"297","CVSS:3.1/AV:N/AC:H/PR:L/UI:N/S:U/C:L/I:N/A:N","2.1","3.1",,,
"298","CVSS:3.1/AV:N/AC:L/PR:L/UI:N/S:U/C:L/I:N/A:N","4","3.1",,,
"299","CVSS:3.1/AV:N/AC:L/PR:N/UI:N/S:U/C:N/I:N/A:H","7.8","3.1",,,
"300","CVSS:3.1/AV:L/AC:L/PR:N/UI:N/S:U/C:N/I:N/A:H","4.9","3.1",,,
"301","CVSS:3.1/AV:L/AC:H/PR:N/UI:N/S:U/C:H/I:L/A:N","5.4","3.1",,,
"302","CVSS:3.1/AV:L/AC:H/PR:N/UI:N/S:U/C:H/I:N/A:N","4.7","3.1",,,
"303","CVSS:3.1/AV:L/AC:L/PR:N/UI:N/S:U/C:L/I:N/A:N","2.1","3.1",,,
"304","CVSS:3.1/AV:L/AC:H/PR:N/UI:N/S:U/C:H/I:H/A:H","6.9","3.1",,,
"305","CVSS:3.1/AV:N/AC:H/PR:N/UI:N/S:U/C:L/I:N/A:N","4.3","3.1",,,
"306","CVSS:3.1/AV:N/AC:H/PR:N/UI:N/S:U/C:L/I:L/A:N","4","3.1",,,
"307","CVSS:3.1/AV:N/AC:H/PR:L/UI:N/S:U/C:L/I:L/A:L","4.6","3.1",,,
"308","CVSS:3.1/AV:A/AC:L/PR:L/UI:N/S:U/C:L/I:L/A:L","5.5","3.1",,,
"309","CVSS:3.1/AV:L/AC:H/PR:N/UI:N/S:U/C:L/I:N/A:L","4","3.1",,,
"310","CVSS:3.1/AV:N/AC:H/PR:L/UI:R/S:U/C:N/I:L/A:N","2.6","3.1",,,
"311","CVSS:3.1/AV:A/AC:H/PR:N/UI:R/S:U/C:L/I:L/A:N","3.7","3.1",,,
"312","CVSS:3.1/AV:A/AC:H/PR:N/UI:R/S:U/C:L/I:L/A:N","3.7","3.1",,,
"313","CVSS:3.1/AV:N/AC:L/PR:N/UI:N/S:U/C:H/I:H/A:H","10","3.1",,,
"314","CVSS:3.1/AV:N/AC:L/PR:N/UI:N/S:U/C:N/I:N/A:L","5","3.1",,,
"315","CVSS:3.1/AV:A/AC:L/PR:N/UI:N/S:U/C:L/I:L/A:N","4.8","3.1",,,
"316","CVSS:3.1/AV:N/AC:L/PR:N/UI:N/S:U/C:L/I:N/A:N","5","3.1",,,
"317","CVSS:3.1/AV:L/AC:L/PR:N/UI:N/S:U/C:L/I:L/A:L","4.6","3.1",,,
"318","CVSS:3.1/AV:N/AC:H/PR:N/UI:N/S:U/C:L/I:L/A:L","6.8","3.1",,,
"319","CVSS:3.1/AV:N/AC:L/PR:N/UI:N/S:U/C:L/I:L/A:L","7.5","3.1",,,
"320","CVSS:3.1/AV:N/AC:H/PR:N/UI:N/S:U/C:N/I:N/A:L","4.3","3.1",,,
"321","CVSS:3.1/AV:N/AC:H/PR:N/UI:N/S:U/C:N/I:N/A:H","7.1","3.1",,,
"322","CVSS:3.1/AV:N/AC:H/PR:N/UI:N/S:U/C:N/I:L/A:N","4.3","3.1",,,
"323","CVSS:3.1/AV:N/AC:L/PR:N/UI:N/S:U/C:L/I:N/A:L","6.4","3.1",,,
"324","CVSS:3.1/AV:N/AC:H/PR:N/UI:N/S:U/C:L/I:L/A:N","5.8","3.1",,,
"325","CVSS:3.1/AV:N/AC:H/PR:N/UI:N/S:U/C:H/I:H/A:H","9.3","3.1",,,
"326","CVSS:3.1/AV:N/AC:L/PR:L/UI:N/S:U/C:H/I:H/A:H","9","3.1",,,
"327","CVSS:3.1/AV:N/AC:H/PR:N/UI:N/S:U/C:L/I:N/A:N","2.6","3.1",,,
"328","CVSS:3.1/AV:N/AC:H/PR:N/UI:N/S:U/C:L/I:L/A:H","8.3","3.1",,,
"329","CVSS:3.1/AV:N/AC:H/PR:N/UI:N/S:U/C:H/I:H/A:H","7.6","3.1",,,
"330","CVSS:3.1/AV:L/AC:L/PR:N/UI:N/S:U/C:N/I:N/A:L","2.1","3.1",,,
"331","CVSS:3.1/AV:N/AC:L/PR:N/UI:N/S:U/C:N/I:L/A:N","5","3.1",,,
"332","CVSS:3.1/AV:N/AC:H/PR:N/UI:N/S:U/C:N/I:L/A:L","4","3.1",,,
"333","CVSS:3.1/AV:N/AC:L/PR:N/UI:N/S:U/C:L/I:L/A:N","6.4","3.1",,,
"334","CVSS:3.1/AV:N/AC:H/PR:N/UI:N/S:U/C:N/I:L/A:L","5.8","3.1",,,
"335","CVSS:3.1/AV:L/AC:L/PR:N/UI:N/S:U/C:H/I:H/A:H","7.2","3.1",,,
"336","CVSS:3.1/AV:N/AC:H/PR:L/UI:N/S:U/C:L/I:N/A:N","2.1","3.1",,,
"337","CVSS:3.1/AV:N/AC:L/PR:L/UI:N/S:U/C:L/I:N/A:N","4","3.1",,,
"338","CVSS:3.1/AV:N/AC:L/PR:N/UI:N/S:U/C:N/I:N/A:H","7.8","3.1",,,
"339","CVSS:3.1/AV:L/AC:L/PR:N/UI:N/S:U/C:N/I:N/A:H","4.9","3.1",,,
"340","CVSS:3.1/AV:L/AC:H/PR:N/UI:N/S:U/C:H/I:L/A:N","5.4","3.1",,,
"341","CVSS:3.1/AV:L/AC:H/PR:N/UI:N/S:U/C:H/I:N/A:N","4.7","3.1",,,
"342","CVSS:3.1/AV:L/AC:L/PR:N/UI:N/S:U/C:L/I:N/A:N","2.1","3.1",,,
"343","CVSS:3.1/AV:L/AC:H/PR:N/UI:N/S:U/C:H/I:H/A:H","6.9","3.1",,,
"344","CVSS:3.1/AV:N/AC:H/PR:N/UI:N/S:U/C:L/I:N/A:N","4.3","3.1",,,
"345","CVSS:3.1/AV:N/AC:H/PR:N/UI:N/S:U/C:L/I:L/A:N","4","3.1",,,
"346","CVSS:3.1/AV:N/AC:H/PR:L/UI:N/S:U/C:L/I:L/A:L","4.6","3.1",,,
"347","CVSS:3.1/AV:A/AC:L/PR:L/UI:N/S:U/C:L/I:L/A:L","5.5","3.1",,,
"348","CVSS:3.1/AV:L/AC:H/PR:N/UI:N/S:U/C:L/I:N/A:L","4","3.1",,,
"349","CVSS:3.1/AV:N/AC:H/PR:L/UI:R/S:U/C:N/I:L/A:N","2.6","3.1",,,
"350","CVSS:3.1/AV:A/AC:H/PR:N/UI:R/S:U/C:L/I:L/A:N","3.7","3.1",,,
"351","CVSS:3.1/AV:A/AC:H/PR:N/UI:R/S:U/C:L/I:L/A:N","3.7","3.1",,,
"352","CVSS:3.1/AV:N/AC:L/PR:N/UI:N/S:U/C:H/I:H/A:H","10","3.1",,,
"353","CVSS:3.1/AV:N/AC:L/PR:N/UI:N/S:U/C:N/I:N/A:L","5","3.1",,,
"354","CVSS:3.1/AV:A/AC:L/PR:N/UI:N/S:U/C:L/I:L/A:N","4.8","3.1",,,
"355","CVSS:3.1/AV:N/AC:L/PR:N/UI:N/S:U/C:L/I:N/A:N","5","3.1",,,
"356","CVSS:3.1/AV:L/AC:L/PR:N/UI:N/S:U/C:L/I:L/A:L","4.6","3.1",,,
"357","CVSS:3.1/AV:N/AC:H/PR:N/UI:N/S:U/C:L/I:L/A:L","6.8","3.1",,,
"358","CVSS:3.1/AV:N/AC:L/PR:N/UI:N/S:U/C:L/I:L/A:L","7.5","3.1",,,
"359","CVSS:3.1/AV:N/AC:H/PR:N/UI:N/S:U/C:N/I:N/A:L","4.3","3.1",,,
"360","CVSS:3.1/AV:N/AC:H/PR:N/UI:N/S:U/C:N/I:N/A:H","7.1","3.1",,,
"361","CVSS:3.1/AV:N/AC:H/PR:N/UI:N/S:U/C:N/I:L/A:N","4.3","3.1",,,
"362","CVSS:3.1/AV:N/AC:L/PR:N/UI:N/S:U/C:L/I:N/A:L","6.4","3.1",,,
"363","CVSS:3.1/AV:N/AC:H/PR:N/UI:N/S:U/C:L/I:L/A:N","5.8","3.1",,,
"364","CVSS:3.1/AV:N/AC:H/PR:N/UI:N/S:U/C:H/I:H/A:H","9.3","3.1",,,
"365","CVSS:3.1/AV:N/AC:L/PR:L/UI:N/S:U/C:H/I:H/A:H","9","3.1",,,
"366","CVSS:3.1/AV:N/AC:H/PR:N/UI:N/S:U/C:L/I:N/A:N","2.6","3.1",,,
"367","CVSS:3.1/AV:N/AC:H/PR:N/UI:N/S:U/C:L/I:L/A:H","8.3","3.1",,,
"368","CVSS:3.1/AV:N/AC:H/PR:N/UI:N/S:U/C:H/I:H/A:H","7.6","3.1",,,
"369","CVSS:3.1/AV:L/AC:L/PR:N/UI:N/S:U/C:N/I:N/A:L","2.1","3.1",,,
"370","CVSS:3.1/AV:N/AC:L/PR:N/UI:N/S:U/C:N/I:L/A:N","5","3.1",,,
"371","CVSS:3.1/AV:N/AC:H/PR:N/UI:N/S:U/C:N/I:L/A:L","4","3.1",,,
"372","CVSS:3.1/AV:N/AC:L/PR:N/UI:N/S:U/C:L/I:L/A:N","6.4","3.1",,,
"373","CVSS:3.1/AV:N/AC:H/PR:N/UI:N/S:U/C:N/I:L/A:L","5.8","3.1",,,
"374","CVSS:3.1/AV:L/AC:L/PR:N/UI:N/S:U/C:H/I:H/A:H","7.2","3.1",,,
"375","CVSS:3.1/AV:N/AC:H/PR:L/UI:N/S:U/C:L/I:N/A:N","2.1","3.1",,,
"376","CVSS:3.1/AV:N/AC:L/PR:L/UI:N/S:U/C:L/I:N/A:N","4","3.1",,,
"377","CVSS:3.1/AV:N/AC:L/PR:N/UI:N/S:U/C:N/I:N/A:H","7.8","3.1",,,
"378","CVSS:3.1/AV:L/AC:L/PR:N/UI:N/S:U/C:N/I:N/A:H","4.9","3.1",,,
"379","CVSS:3.1/AV:L/AC:H/PR:N/UI:N/S:U/C:H/I:L/A:N","5.4","3.1",,,
"380","CVSS:3.1/AV:L/AC:H/PR:N/UI:N/S:U/C:H/I:N/A:N","4.7","3.1",,,
"381","CVSS:3.1/AV:L/AC:L/PR:N/UI:N/S:U/C:L/I:N/A:N","2.1","3.1",,,
"382","CVSS:3.1/AV:L/AC:H/PR:N/UI:N/S:U/C:H/I:H/A:H","6.9","3.1",,,
"383","CVSS:3.1/AV:N/AC:H/PR:N/UI:N/S:U/C:L/I:N/A:N","4.3","3.1",,,
"384","CVSS:3.1/AV:N/AC:H/PR:N/UI:N/S:U/C:L/I:L/A:N","4","3.1",,,
"385","CVSS:3.1/AV:N/AC:H/PR:L/UI:N/S:U/C:L/I:L/A:L","4.6","3.1",,,
"386","CVSS:3.1/AV:A/AC:L/PR:L/UI:N/S:U/C:L/I:L/A:L","5.5","3.1",,,
"387","CVSS:3.1/AV:L/AC:H/PR:N/UI:N/S:U/C:L/I:N/A:L","4","3.1",,,
"388","CVSS:3.1/AV:N/AC:H/PR:L/UI:R/S:U/C:N/I:L/A:N","2.6","3.1",,,
"389","CVSS:3.1/AV:A/AC:H/PR:N/UI:R/S:U/C:L/I:L/A:N","3.7","3.1",,,
"390","CVSS:3.1/AV:N/AC:L/PR:N/UI:N/S:U/C:H/I:H/A:H","10","3.1",,,
"391","CVSS:3.1/AV:N/AC:L/PR:N/UI:N/S:U/C:N/I:N/A:L","5","3.1",,,
"392","CVSS:3.1/AV:A/AC:L/PR:N/UI:N/S:U/C:L/I:L/A:N","4.8","3.1",,,
"393","CVSS:3.1/AV:N/AC:L/PR:N/UI:N/S:U/C:L/I:N/A:N","5","3.1",,,
"394","CVSS:3.1/AV:L/AC:L/PR:N/UI:N/S:U/C:L/I:L/A:L","4.6","3.1",,,
"395","CVSS:3.1/AV:N/AC:H/PR:N/UI:N/S:U/C:L/I:L/A:L","6.8","3.1",,,
"396","CVSS:3.1/AV:N/AC:L/PR:N/UI:N/S:U/C:L/I:L/A:L","7.5","3.1",,,
"397","CVSS:3.1/AV:N/AC:H/PR:N/UI:N/S:U/C:N/I:N/A:L","4.3","3.1",,,
"398","CVSS:3.1/AV:N/AC:H/PR:N/UI:N/S:U/C:N/I:N/A:H","7.1","3.1",,,
"399","CVSS:3.1/AV:N/AC:H/PR:N/UI:N/S:U/C:N/I:L/A:N","4.3","3.1",,,
"400","CVSS:3.1/AV:N/AC:L/PR:N/UI:N/S:U/C:L/I:N/A:L","6.4","3.1",,,
"401","CVSS:3.1/AV:N/AC:H/PR:N/UI:N/S:U/C:L/I:L/A:N","5.8","3.1",,,
"402","CVSS:3.1/AV:N/AC:H/PR:N/UI:N/S:U/C:H/I:H/A:H","9.3","3.1",,,
"403","CVSS:3.1/AV:N/AC:L/PR:L/UI:N/S:U/C:H/I:H/A:H","9","3.1",,,
"404","CVSS:3.1/AV:N/AC:H/PR:N/UI:N/S:U/C:L/I:N/A:N","2.6","3.1",,,
"405","CVSS:3.1/AV:N/AC:H/PR:N/UI:N/S:U/C:L/I:L/A:H","8.3","3.1",,,
"406","CVSS:3.1/AV:N/AC:H/PR:N/UI:N/S:U/C:H/I:H/A:H","7.6","3.1",,,
"407","CVSS:3.1/AV:L/AC:L/PR:N/UI:N/S:U/C:N/I:N/A:L","2.1","3.1",,,
"408","CVSS:3.1/AV:N/AC:L/PR:N/UI:N/S:U/C:N/I:L/A:N","5","3.1",,,
"409","CVSS:3.1/AV:N/AC:H/PR:N/UI:N/S:U/C:N/I:L/A:L","4","3.1",,,
"410","CVSS:3.1/AV:N/AC:L/PR:N/UI:N/S:U/C:L/I:L/A:N","6.4","3.1",,,
"411","CVSS:3.1/AV:N/AC:H/PR:N/UI:N/S:U/C:N/I:L/A:L","5.8","3.1",,,
"412","CVSS:3.1/AV:L/AC:L/PR:N/UI:N/S:U/C:H/I:H/A:H","7.2","3.1",,,
"413","CVSS:3.1/AV:N/AC:H/PR:L/UI:N/S:U/C:L/I:N/A:N","2.1","3.1",,,
"414","CVSS:3.1/AV:N/AC:L/PR:L/UI:N/S:U/C:L/I:N/A:N","4","3.1",,,
"415","CVSS:3.1/AV:N/AC:L/PR:N/UI:N/S:U/C:N/I:N/A:H","7.8","3.1",,,
"416","CVSS:3.1/AV:L/AC:L/PR:N/UI:N/S:U/C:N/I:N/A:H","4.9","3.1",,,
"417","CVSS:3.1/AV:L/AC:H/PR:N/UI:N/S:U/C:H/I:L/A:N","5.4","3.1",,,
"418","CVSS:3.1/AV:L/AC:H/PR:N/UI:N/S:U/C:H/I:N/A:N","4.7","3.1",,,
"419","CVSS:3.1/AV:L/AC:L/PR:N/UI:N/S:U/C:L/I:N/A:N","2.1","3.1",,,
"420","CVSS:3.1/AV:L/AC:H/PR:N/UI:N/S:U/C:H/I:H/A:H","6.9","3.1",,,
"421","CVSS:3.1/AV:N/AC:H/PR:N/UI:N/S:U/C:L/I:N/A:N","4.3","3.1",,,
"422","CVSS:3.1/AV:N/AC:H/PR:N/UI:N/S:U/C:L/I:L/A:N","4","3.1",,,
"423","CVSS:3.1/AV:N/AC:H/PR:L/UI:N/S:U/C:L/I:L/A:L","4.6","3.1",,,
"424","CVSS:3.1/AV:A/AC:L/PR:L/UI:N/S:U/C:L/I:L/A:L","5.5","3.1",,,
"425","CVSS:3.1/AV:L/AC:H/PR:N/UI:N/S:U/C:L/I:N/A:L","4","3.1",,,
"426","CVSS:3.1/AV:N/AC:H/PR:L/UI:R/S:U/C:N/I:L/A:N","2.6","3.1",,,
"427","CVSS:3.1/AV:A/AC:H/PR:N/UI:R/S:U/C:L/I:L/A:N","3.7","3.1",,,
"428","CVSS:3.1/AV:A/AC:H/PR:N/UI:R/S:U/C:L/I:L/A:N","3.7","3.1",,,
"429","CVSS:3.1/AV:N/AC:L/PR:N/UI:N/S:U/C:H/I:H/A:H","10","3.1",,,
"430","CVSS:3.1/AV:N/AC:L/PR:N/UI:N/S:U/C:N/I:N/A:L","5","3.1",,,
"431","CVSS:3.1/AV:A/AC:L/PR:N/UI:N/S:U/C:L/I:L/A:N","4.8","3.1",,,
"432","CVSS:3.1/AV:N/AC:L/PR:N/UI:N/S:U/C:L/I:N/A:N","5","3.1",,,
"433","CVSS:3.1/AV:L/AC:L/PR:N/UI:N/S:U/C:L/I:L/A:L","4.6","3.1",,,
"434","CVSS:3.1/AV:N/AC:H/PR:N/UI:N/S:U/C:L/I:L/A:L","6.8","3.1",,,
"435","CVSS:3.1/AV:N/AC:L/PR:N/UI:N/S:U/C:L/I:L/A:L","7.5","3.1",,,
"436","CVSS:3.1/AV:N/AC:H/PR:N/UI:N/S:U/C:N/I:N/A:L","4.3","3.1",,,
"437","CVSS:3.1/AV:N/AC:H/PR:N/UI:N/S:U/C:N/I:N/A:H","7.1","3.1",,,
"438","CVSS:3.1/AV:N/AC:H/PR:N/UI:N/S:U/C:N/I:L/A:N","4.3","3.1",,,
"439","CVSS:3.1/AV:N/AC:L/PR:N/UI:N/S:U/C:L/I:N/A:L","6.4","3.1",,,
"440","CVSS:3.1/AV:N/AC:H/PR:N/UI:N/S:U/C:L/I:L/A:N","5.8","3.1",,,
"441","CVSS:3.1/AV:N/AC:H/PR:N/UI:N/S:U/C:H/I:H/A:H","9.3","3.1",,,
"442","CVSS:3.1/AV:N/AC:L/PR:L/UI:N/S:U/C:H/I:H/A:H","9","3.1",,,
"443","CVSS:3.1/AV:N/AC:H/PR:N/UI:N/S:U/C:L/I:N/A:N","2.6","3.1",,,
"444","CVSS:3.1/AV:N/AC:H/PR:N/UI:N/S:U/C:L/I:L/A:H","8.3","3.1",,,
"445","CVSS:3.1/AV:N/AC:H/PR:N/UI:N/S:U/C:H/I:H/A:H","7.6","3.1",,,
"446","CVSS:3.1/AV:L/AC:L/PR:N/UI:N/S:U/C:N/I:N/A:L","2.1","3.1",,,
"447","CVSS:3.1/AV:N/AC:L/PR:N/UI:N/S:U/C:N/I:L/A:N","5","3.1",,,
"448","CVSS:3.1/AV:N/AC:H/PR:N/UI:N/S:U/C:N/I:L/A:L","4","3.1",,,
"449","CVSS:3.1/AV:N/AC:L/PR:N/UI:N/S:U/C:L/I:L/A:N","6.4","3.1",,,
"450","CVSS:3.1/AV:N/AC:H/PR:N/UI:N/S:U/C:N/I:L/A:L","5.8","3.1",,,
"451","CVSS:3.1/AV:L/AC:L/PR:N/UI:N/S:U/C:H/I:H/A:H","7.2","3.1",,,
"452","CVSS:3.1/AV:N/AC:H/PR:L/UI:N/S:U/C:L/I:N/A:N","2.1","3.1",,,
"453","CVSS:3.1/AV:N/AC:L/PR:L/UI:N/S:U/C:L/I:N/A:N","4","3.1",,,
"454","CVSS:3.1/AV:N/AC:L/PR:N/UI:N/S:U/C:N/I:N/A:H","7.8","3.1",,,
"455","CVSS:3.1/AV:L/AC:L/PR:N/UI:N/S:U/C:N/I:N/A:H","4.9","3.1",,,
"456","CVSS:3.1/AV:L/AC:H/PR:N/UI:N/S:U/C:H/I:L/A:N","5.4","3.1",,,
"457","CVSS:3.1/AV:L/AC:H/PR:N/UI:N/S:U/C:H/I:N/A:N","4.7","3.1",,,
"458","CVSS:3.1/AV:L/AC:L/PR:N/UI:N/S:U/C:L/I:N/A:N","2.1","3.1",,,
"459","CVSS:3.1/AV:L/AC:H/PR:N/UI:N/S:U/C:H/I:H/A:H","6.9","3.1",,,
"460","CVSS:3.1/AV:N/AC:H/PR:N/UI:N/S:U/C:L/I:N/A:N","4.3","3.1",,,
"461","CVSS:3.1/AV:N/AC:H/PR:N/UI:N/S:U/C:L/I:L/A:N","4","3.1",,,
"462","CVSS:3.1/AV:N/AC:H/PR:L/UI:N/S:U/C:L/I:L/A:L","4.6","3.1",,,
"463","CVSS:3.1/AV:A/AC:L/PR:L/UI:N/S:U/C:L/I:L/A:L","5.5","3.1",,,
"464","CVSS:3.1/AV:L/AC:H/PR:N/UI:N/S:U/C:L/I:N/A:L","4","3.1",,,
"465","CVSS:3.1/AV:N/AC:H/PR:L/UI:R/S:U/C:N/I:L/A:N","2.6","3.1",,,
"466","CVSS:3.1/AV:A/AC:H/PR:N/UI:R/S:U/C:L/I:L/A:N","3.7","3.1",,,
"467","CVSS:3.1/AV:A/AC:H/PR:N/UI:R/S:U/C:L/I:L/A:N","3.7","3.1",,,
"468","CVSS:3.1/AV:N/AC:L/PR:N/UI:N/S:U/C:H/I:H/A:H","10","3.1",,,
"469","CVSS:3.1/AV:N/AC:L/PR:N/UI:N/S:U/C:N/I:N/A:L","5","3.1",,,
"470","CVSS:3.1/AV:A/AC:L/PR:N/UI:N/S:U/C:L/I:L/A:N","4.8","3.1",,,
"471","CVSS:3.1/AV:N/AC:L/PR:N/UI:N/S:U/C:L/I:N/A:N","5","3.1",,,
"472","CVSS:3.1/AV:L/AC:L/PR:N/UI:N/S:U/C:L/I:L/A:L","4.6","3.1",,,
"473","CVSS:3.1/AV:N/AC:H/PR:N/UI:N/S:U/C:L/I:L/A:L","6.8","3.1",,,
"474","CVSS:3.1/AV:N/AC:L/PR:N/UI:N/S:U/C:L/I:L/A:L","7.5","3.1",,,
"475","CVSS:3.1/AV:N/AC:H/PR:N/UI:N/S:U/C:N/I:N/A:L","4.3","3.1",,,
"476","CVSS:3.1/AV:N/AC:H/PR:N/UI:N/S:U/C:N/I:N/A:H","7.1","3.1",,,
"477","CVSS:3.1/AV:N/AC:H/PR:N/UI:N/S:U/C:N/I:L/A:N","4.3","3.1",,,
"478","CVSS:3.1/AV:N/AC:L/PR:N/UI:N/S:U/C:L/I:N/A:L","6.4","3.1",,,
"479","CVSS:3.1/AV:N/AC:H/PR:N/UI:N/S:U/C:L/I:L/A:N","5.8","3.1",,,
"480","CVSS:3.1/AV:N/AC:H/PR:N/UI:N/S:U/C:H/I:H/A:H","9.3","3.1",,,
"481","CVSS:3.1/AV:N/AC:L/PR:L/UI:N/S:U/C:H/I:H/A:H","9","3.1",,,
"482","CVSS:3.1/AV:N/AC:H/PR:N/UI:N/S:U/C:L/I:N/A:N","2.6","3.1",,,
"483","CVSS:3.1/AV:N/AC:H/PR:N/UI:N/S:U/C:L/I:L/A:H","8.3","3.1",,,
"484","CVSS:3.1/AV:N/AC:H/PR:N/UI:N/S:U/C:H/I:H/A:H","7.6","3.1",,,
"485","CVSS:3.1/AV:L/AC:L/PR:N/UI:N/S:U/C:N/I:N/A:L","2.1","3.1",,,
"486","CVSS:3.1/AV:N/AC:L/PR:N/UI:N/S:U/C:N/I:L/A:N","5","3.1",,,
"487","CVSS:3.1/AV:N/AC:H/PR:N/UI:N/S:U/C:N/I:L/A:L","4","3.1",,,
"488","CVSS:3.1/AV:N/AC:L/PR:N/UI:N/S:U/C:L/I:L/A:N","6.4","3.1",,,
"489","CVSS:3.1/AV:N/AC:H/PR:N/UI:N/S:U/C:N/I:L/A:L","5.8","3.1",,,
"490","CVSS:3.1/AV:L/AC:L/PR:N/UI:N/S:U/C:H/I:H/A:H","7.2","3.1",,,
"491","CVSS:3.1/AV:N/AC:H/PR:L/UI:N/S:U/C:L/I:N/A:N","2.1","3.1",,,
"492","CVSS:3.1/AV:N/AC:L/PR:L/UI:N/S:U/C:L/I:N/A:N","4","3.1",,,
"493","CVSS:3.1/AV:N/AC:L/PR:N/UI:N/S:U/C:N/I:N/A:H","7.8","3.1",,,
"494","CVSS:3.1/AV:L/AC:L/PR:N/UI:N/S:U/C:N/I:N/A:H","4.9","3.1",,,
"495","CVSS:3.1/AV:L/AC:H/PR:N/UI:N/S:U/C:H/I:L/A:N","5.4","3.1",,,
"496","CVSS:3.1/AV:L/AC:H/PR:N/UI:N/S:U/C:H/I:N/A:N","4.7","3.1",,,
"497","CVSS:3.1/AV:L/AC:L/PR:N/UI:N/S:U/C:L/I:N/A:N","2.1","3.1",,,
"498","CVSS:3.1/AV:L/AC:H/PR:N/UI:N/S:U/C:H/I:H/A:H","6.9","3.1",,,
"499","CVSS:3.1/AV:N/AC:H/PR:N/UI:N/S:U/C:L/I:N/A:N","4.3","3.1",,,
"500","CVSS:3.1/AV:N/AC:H/PR:N/UI:N/S:U/C:L/I:L/A:N","4","3.1",,,
"501","CVSS:3.1/AV:N/AC:H/PR:L/UI:N/S:U/C:L/I:L/A:L","4.6","3.1",,,
"502","CVSS:3.1/AV:A/AC:L/PR:L/UI:N/S:U/C:L/I:L/A:L","5.5","3.1",,,
"503","CVSS:3.1/AV:L/AC:H/PR:N/UI:N/S:U/C:L/I:N/A:L","4","3.1",,,
"504","CVSS:3.1/AV:N/AC:H/PR:L/UI:R/S:U/C:N/I:L/A:N","2.6","3.1",,,
"505","CVSS:3.1/AV:A/AC:H/PR:N/UI:R/S:U/C:L/I:L/A:N","3.7","3.1",,,
"506","CVSS:3.1/AV:A/AC:H/PR:N/UI:R/S:U/C:L/I:L/A:N","3.7","3.1",,,
"507","CVSS:3.1/AV:N/AC:L/PR:N/UI:N/S:U/C:H/I:H/A:H","10","3.1",,,
"508","CVSS:3.1/AV:N/AC:L/PR:N/UI:N/S:U/C:N/I:N/A:L","5","3.1",,,
"509","CVSS:3.1/AV:A/AC:L/PR:N/UI:N/S:U/C:L/I:L/A:N","4.8","3.1",,,
"510","CVSS:3.1/AV:N/AC:L/PR:N/UI:N/S:U/C:L/I:N/A:N","5","3.1",,,
"511","CVSS:3.1/AV:L/AC:L/PR:N/UI:N/S:U/C:L/I:L/A:L","4.6","3.1",,,
"512","CVSS:3.1/AV:N/AC:H/PR:N/UI:N/S:U/C:L/I:L/A:L","6.8","3.1",,,
"513","CVSS:3.1/AV:N/AC:L/PR:N/UI:N/S:U/C:L/I:L/A:L","7.5","3.1",,,
"514","CVSS:3.1/AV:N/AC:H/PR:N/UI:N/S:U/C:N/I:N/A:L","4.3","3.1",,,
"515","CVSS:3.1/AV:N/AC:H/PR:N/UI:N/S:U/C:N/I:N/A:H","7.1","3.1",,,
"516","CVSS:3.1/AV:N/AC:H/PR:N/UI:N/S:U/C:N/I:L/A:N","4.3","3.1",,,
"517","CVSS:3.1/AV:N/AC:L/PR:N/UI:N/S:U/C:L/I:N/A:L","6.4","3.1",,,
"518","CVSS:3.1/AV:N/AC:H/PR:N/UI:N/S:U/C:L/I:L/A:N","5.8","3.1",,,
"519","CVSS:3.1/AV:N/AC:H/PR:N/UI:N/S:U/C:H/I:H/A:H","9.3","3.1",,,
"520","CVSS:3.1/AV:N/AC:L/PR:L/UI:N/S:U/C:H/I:H/A:H","9","3.1",,,
"521","CVSS:3.1/AV:N/AC:H/PR:N/UI:N/S:U/C:L/I:N/A:N","2.6","3.1",,,
"522","CVSS:3.1/AV:N/AC:H/PR:N/UI:N/S:U/C:L/I:L/A:H","8.3","3.1",,,
"523","CVSS:3.1/AV:N/AC:H/PR:N/UI:N/S:U/C:H/I:H/A:H","7.6","3.1",,,
"524","CVSS:3.1/AV:L/AC:L/PR:N/UI:N/S:U/C:N/I:N/A:L","2.1","3.1",,,
"525","CVSS:3.1/AV:N/AC:L/PR:N/UI:N/S:U/C:N/I:L/A:N","5","3.1",,,
"526","CVSS:3.1/AV:N/AC:H/PR:N/UI:N/S:U/C:N/I:L/A:L","4","3.1",,,
"527","CVSS:3.1/AV:N/AC:L/PR:N/UI:N/S:U/C:L/I:L/A:N","6.4","3.1",,,
"528","CVSS:3.1/AV:N/AC:H/PR:N/UI:N/S:U/C:N/I:L/A:L","5.8","3.1",,,
"529","CVSS:3.1/AV:L/AC:L/PR:N/UI:N/S:U/C:H/I:H/A:H","7.2","3.1",,,
"530","CVSS:3.1/AV:N/AC:H/PR:L/UI:N/S:U/C:L/I:N/A:N","2.1","3.1",,,
"531","CVSS:3.1/AV:N/AC:L/PR:L/UI:N/S:U/C:L/I:N/A:N","4","3.1",,,
"532","CVSS:3.1/AV:N/AC:L/PR:N/UI:N/S:U/C:N/I:N/A:H","7.8","3.1",,,
"533","CVSS:3.1/AV:L/AC:L/PR:N/UI:N/S:U/C:N/I:N/A:H","4.9","3.1",,,
"534","CVSS:3.1/AV:L/AC:H/PR:N/UI:N/S:U/C:H/I:L/A:N","5.4","3.1",,,
"535","CVSS:3.1/AV:L/AC:H/PR:N/UI:N/S:U/C:H/I:N/A:N","4.7","3.1",,,
"536","CVSS:3.1/AV:L/AC:L/PR:N/UI:N/S:U/C:L/I:N/A:N","2.1","3.1",,,
"537","CVSS:3.1/AV:L/AC:H/PR:N/UI:N/S:U/C:H/I:H/A:H","6.9","3.1",,,
"538","CVSS:3.1/AV:N/AC:H/PR:N/UI:N/S:U/C:L/I:N/A:N","4.3","3.1",,,
"539","CVSS:3.1/AV:N/AC:H/PR:N/UI:N/S:U/C:L/I:L/A:N","4","3.1",,,
"540","CVSS:3.1/AV:N/AC:H/PR:L/UI:N/S:U/C:L/I:L/A:L","4.6","3.1",,,
"541","CVSS:3.1/AV:A/AC:L/PR:L/UI:N/S:U/C:L/I:L/A:L","5.5","3.1",,,
"542","CVSS:3.1/AV:L/AC:H/PR:N/UI:N/S:U/C:L/I:N/A:L","4","3.1",,,
"543","CVSS:3.1/AV:N/AC:H/PR:L/UI:R/S:U/C:N/I:L/A:N","2.6","3.1",,,
"544","CVSS:3.1/AV:A/AC:H/PR:N/UI:R/S:U/C:L/I:L/A:N","3.7","3.1",,,
"545","CVSS:3.1/AV:A/AC:H/PR:N/UI:R/S:U/C:L/I:L/A:N","3.7","3.1",,,
"546","CVSS:3.1/AV:N/AC:L/PR:N/UI:N/S:U/C:H/I:H/A:H","10","3.1",,,
"547","CVSS:3.1/AV:N/AC:L/PR:N/UI:N/S:U/C:N/I:N/A:L","5","3.1",,,
"548","CVSS:3.1/AV:A/AC:L/PR:N/UI:N/S:U/C:L/I:L/A:N","4.8","3.1",,,
"549","CVSS:3.1/AV:N/AC:L/PR:N/UI:N/S:U/C:L/I:N/A:N","5","3.1",,,
"550","CVSS:3.1/AV:L/AC:L/PR:N/UI:N/S:U/C:L/I:L/A:L","4.6","3.1",,,
"551","CVSS:3.1/AV:N/AC:H/PR:N/UI:N/S:U/C:L/I:L/A:L","6.8","3.1",,,
"552","CVSS:3.1/AV:N/AC:L/PR:N/UI:N/S:U/C:L/I:L/A:L","7.5","3.1",,,
"553","CVSS:3.1/AV:N/AC:H/PR:N/UI:N/S:U/C:N/I:N/A:L","4.3","3.1",,,
"554","CVSS:3.1/AV:N/AC:H/PR:N/UI:N/S:U/C:N/I:N/A:H","7.1","3.1",,,
"555","CVSS:3.1/AV:N/AC:H/PR:N/UI:N/S:U/C:N/I:L/A:N","4.3","3.1",,,
"556","CVSS:3.1/AV:N/AC:L/PR:N/UI:N/S:U/C:L/I:N/A:L","6.4","3.1",,,
"557","CVSS:3.1/AV:N/AC:H/PR:N/UI:N/S:U/C:L/I:L/A:N","5.8","3.1",,,
"558","CVSS:3.1/AV:N/AC:H/PR:N/UI:N/S:U/C:H/I:H/A:H","9.3","3.1",,,
"559","CVSS:3.1/AV:N/AC:L/PR:L/UI:N/S:U/C:H/I:H/A:H","9","3.1",,,
"560","CVSS:3.1/AV:N/AC:H/PR:N/UI:N/S:U/C:L/I:N/A:N","2.6","3.1",,,
"561","CVSS:3.1/AV:N/AC:H/PR:N/UI:N/S:U/C:L/I:L/A:H","8.3","3.1",,,
"562","CVSS:3.1/AV:N/AC:H/PR:N/UI:N/S:U/C:H/I:H/A:H","7.6","3.1",,,
"563","CVSS:3.1/AV:L/AC:L/PR:N/UI:N/S:U/C:N/I:N/A:L","2.1","3.1",,,
"564","CVSS:3.1/AV:N/AC:L/PR:N/UI:N/S:U/C:N/I:L/A:N","5","3.1",,,
"565","CVSS:3.1/AV:N/AC:H/PR:N/UI:N/S:U/C:N/I:L/A:L","4","3.1",,,
"566","CVSS:3.1/AV:N/AC:L/PR:N/UI:N/S:U/C:L/I:L/A:N","6.4","3.1",,,
"567","CVSS:3.1/AV:N/AC:H/PR:N/UI:N/S:U/C:N/I:L/A:L","5.8","3.1",,,
"568","CVSS:3.1/AV:L/AC:L/PR:N/UI:N/S:U/C:H/I:H/A:H","7.2","3.1",,,
"569","CVSS:3.1/AV:N/AC:H/PR:L/UI:N/S:U/C:L/I:N/A:N","2.1","3.1",,,
"570","CVSS:3.1/AV:N/AC:L/PR:L/UI:N/S:U/C:L/I:N/A:N","4","3.1",,,
"571","CVSS:3.1/AV:N/AC:L/PR:N/UI:N/S:U/C:N/I:N/A:H","7.8","3.1",,,
"572","CVSS:3.1/AV:L/AC:L/PR:N/UI:N/S:U/C:N/I:N/A:H","4.9","3.1",,,
"573","CVSS:3.1/AV:L/AC:H/PR:N/UI:N/S:U/C:H/I:L/A:N","5.4","3.1",,,
"574","CVSS:3.1/AV:L/AC:H/PR:N/UI:N/S:U/C:H/I:N/A:N","4.7","3.1",,,
"575","CVSS:3.1/AV:L/AC:L/PR:N/UI:N/S:U/C:L/I:N/A:N","2.1","3.1",,,
"576","CVSS:3.1/AV:L/AC:H/PR:N/UI:N/S:U/C:H/I:H/A:H","6.9","3.1",,,
"577","CVSS:3.1/AV:N/AC:H/PR:N/UI:N/S:U/C:L/I:N/A:N","4.3","3.1",,,
"578","CVSS:3.1/AV:N/AC:H/PR:N/UI:N/S:U/C:L/I:L/A:N","4","3.1",,,
"579","CVSS:3.1/AV:N/AC:H/PR:L/UI:N/S:U/C:L/I:L/A:L","4.6","3.1",,,
"580","CVSS:3.1/AV:A/AC:L/PR:L/UI:N/S:U/C:L/I:L/A:L","5.5","3.1",,,
"581","CVSS:3.1/AV:L/AC:H/PR:N/UI:N/S:U/C:L/I:N/A:L","4","3.1",,,
"582","CVSS:3.1/AV:N/AC:H/PR:L/UI:R/S:U/C:N/I:L/A:N","2.6","3.1",,,
"583","CVSS:3.1/AV:A/AC:H/PR:N/UI:R/S:U/C:L/I:L/A:N","3.7","3.1"