id, scan_id, asset_id, port_id, ip_id, uri_id, vulnerability_asset_id, cpe_asset_id, site_map_id, cipher_suite_id
"1","1","1",,,"1",,,,
"2","1","1",,,"2",,,,
"3","1","1",,,"3",,,,
"4","1","1",,,"4",,,,
"5","1","1",,,"5",,,,
"6","1","1",,,"6",,,,
"7","1","1",,,"7",,,,
"8","1","1",,,"8",,,,
"9","1","1",,,"9",,,,
"10","1","1",,,"10",,,,
"11","1","1",,,"11",,,,
"12","1","1",,,"12",,,,
"13","1","1",,,"13",,,,
"14","1","1",,,"14",,,,
"15","1","1",,,"15",,,,
"16","1","1",,,"16",,,,
"17","1","1",,,"17",,,,
"18","1","1",,,"18",,,,
"19","1","1",,,"19",,,,
"20","1","1",,,"20",,,,
"21","1","1",,,"21",,,,
"22","1","1",,,"22",,,,
"23","1","1",,,"23",,,,
"24","1","1",,,"24",,,,
"25","1","1",,,"25",,,,
"26","1","1",,,"26",,,,
"27","1","1",,,"27",,,,
"28","1","1",,,"28",,,,
"29","1","1",,,"29",,,,
"30","1","1",,,"30",,,,
"31","1","1",,,"31",,,,
"32","1","1",,,"32",,,,
"33","1","1",,,"33",,,,
"34","1","1",,,"4","1",,,
"35","1","1",,,"4","2",,,
"36","1","1",,,"5","3",,,
"37","1","1",,,"4","4",,,
"38","1","1",,,"4","5",,,
"39","1","1",,,"5","6",,,
"40","1","1",,,"19","7",,,
"41","1","1",,,"6","8",,,
"42","1","1",,,"3","9",,,
"43","1","1",,,"4","10",,,
"44","1","1",,,"4","11",,,
"45","1","1",,,"19","12",,,
"46","1","1",,,"19","13",,,
"47","1","1",,,"5","14",,,
"48","1","1",,,"6","15",,,
"49","1","1",,,"17","16",,,
"50","1","1",,,"5","17",,,
"51","1","1",,,"11","18",,,
"52","1","1",,,"20","19",,,
"53","1","1",,,"11","20",,,
"54","1","1",,,"5","21",,,
"55","1","1",,,"5","22",,,
"56","1","1",,,"11","23",,,
"57","1","1",,,"11","24",,,
"58","1","1",,,"5","25",,,
"59","1","1",,,"11","26",,,
"60","1","1",,,"17","27",,,
"61","1","1",,,"20","28",,,
"62","1","1",,,"20","29",,,
"63","1","1",,,"20","30",,,
"64","1","1",,,"6","31",,,
"65","1","1",,,"8","32",,,
"66","1","1",,,"19","33",,,
"67","1","1",,,"8","34",,,
"68","1","1",,,"19","35",,,
"69","1","1",,,"8","36",,,
"70","1","1",,,"21","37",,,
"71","1","1",,,"6","38",,,
"72","1","1",,,"29","39",,,
"73","1","1",,,"29","40",,,
"74","1","1",,,"6","41",,,
"75","1","1",,,"6","42",,,
"76","1","1",,,"8","43",,,
"77","1","1",,,"31","44",,,
"78","1","1",,,"14","45",,,
"79","1","1",,,"15","46",,,
"80","1","1",,,"17","47",,,
"81","1","1",,,"17","48",,,
"82","1","1",,,"17","49",,,
"83","1","1",,,"10","50",,,
"84","1","1",,,"10","51",,,
"85","1","1",,,"10","52",,,
"86","1","1",,,"10","53",,,
"87","1","1",,,"12","54",,,
"88","1","1",,,"12","55",,,
"89","1","1",,,"12","56",,,
"90","1","1",,,"12","57",,,
"91","1","1",,,"7","58",,,
"92","1","1",,,"16","59",,,
"93","1","1",,,"16","60",,,
"94","1","1",,,"16","61",,,
"95","1","1",,,"16","62",,,
"96","1","1",,,"16","63",,,
"97","1","1",,,"9","64",,,
"98","1","1",,,"9","65",,,
"99","1","1",,,"9","66",,,
"100","1","1",,,"9","67",,,
"101","1","1",,,"7","68",,,
"102","1","1",,,"7","69",,,
"103","1","1",,,"7","70",,,
"104","1","1",,,"28","71",,,
"105","1","1",,,"29","72",,,
"106","1","1",,,"29","73",,,
"107","1","1",,,"29","74",,,
"108","1","1",,,"20","75",,,
"109","1","1",,,"7","76",,,
"110","1","1",,,"13","77",,,
"111","1","1",,,"13","78",,,
"112","1","1",,,"13","79",,,
"113","1","1",,,"13","80",,,
"114","1","1",,,"13","81",,,
"115","1","1",,,"14","82",,,
"116","1","1",,,"14","83",,,
"117","1","2","1","1",,"84",,,
"118","1","9","2","8",,"85",,,
"119","1","4","3","3",,"86",,,
"120","1","3","4","2",,"87",,,
"121","1","5",,,,,"1",,
"122","1","5",,,,,"2",,
"123","1","5",,,,,"3",,
"124","1","5",,,,,"4",,
"125","1","5",,,,,"5",,
"126","1","5",,,,,"6",,
"127","1","5",,,,,"7",,
"128","1","5",,,,,"8",,
"129","1","5",,,,,"9",,
"130","1","5",,,,,"10",,
"131","1","5",,,,,"11",,
"132","1","5",,,,,"12",,
"133","1","5",,,,,"13",,
"134","1","5",,,,,"14",,
"135","1","5",,,,,"15",,
"136","1","5",,,,,"16",,
"137","1","5",,,,,"17",,
"138","1","5",,,,,"18",,
"139","1","5",,,,,"19",,
"140","1","5",,,,,"20",,
"141","1","12",,,,,"21",,
"142","1","12",,,,,"22",,
"143","1","12",,,,,"23",,
"144","1","12",,,,,"24",,
"145","1","12",,,,,"25",,
"146","1","12",,,,,"26",,
"147","1","12",,,,,"27",,
"148","1","12",,,,,"28",,
"149","1","12",,,,,"29",,
"150","1","12",,,,,"30",,
"151","1","12",,,,,"31",,
"152","1","12",,,,,"32",,
"153","1","12",,,,,"33",,
"154","1","12",,,,,"34",,
"155","1","12",,,,,"35",,
"156","1","3",,,,,"36",,
"157","1","3",,,,,"37",,
"158","1","3",,,,,"38",,
"159","1","3",,,,,"39",,
"160","1","3",,,,,"40",,
"161","1","3",,,,,"41",,
"162","1","3",,,,,"42",,
"163","1","3",,,,,"43",,
"164","1","3",,,,,"44",,
"165","1","3",,,,,"45",,
"166","1","3",,,,,"46",,
"167","1","3",,,,,"47",,
"168","1","3",,,,,"48",,
"169","1","3",,,,,"49",,
"170","1","3",,,,,"50",,
"171","1","3",,,,,"51",,
"172","1","3",,,,,"52",,
"173","1","3",,,,,"53",,
"174","1","9",,,,,"54",,
"175","1","9",,,,,"55",,
"176","1","9",,,,,"56",,
"177","1","9",,,,,"57",,
"178","1","9",,,,,"58",,
"179","1","9",,,,,"59",,
"180","1","9",,,,,"60",,
"181","1","9",,,,,"61",,
"182","1","9",,,,,"62",,
"183","1","9",,,,,"63",,
"184","1","9",,,,,"64",,
"185","1","9",,,,,"65",,
"186","1","9",,,,,"66",,
"187","1","9",,,,,"67",,
"188","1","9",,,,,"68",,
"189","1","4",,,,,"69",,
"190","1","4",,,,,"70",,
"191","1","4",,,,,"71",,
"192","1","4",,,,,"72",,
"193","1","4",,,,,"73",,
"194","1","4",,,,,"74",,
"195","1","4",,,,,"75",,
"196","1","4",,,,,"76",,
"197","1","4",,,,,"77",,
"198","1","4",,,,,"78",,
"199","1","4",,,,,"79",,
"200","1","4",,,,,"80",,
"201","1","4",,,,,"81",,
"202","1","4",,,,,"82",,
"203","1","4",,,,,"83",,
"204","1","4",,,,,"84",,
"205","1","4",,,,,"85",,
"206","1","4",,,,,"86",,
"207","1","4",,,,,"87",,
"208","1","4",,,,,"88",,
"209","1","4",,,,,"89",,
"210","1","10",,,,,"90",,
"211","1","10",,,,,"91",,
"212","1","10",,,,,"92",,
"213","1","10",,,,,"93",,
"214","1","10",,,,,"94",,
"215","1","10",,,,,"95",,
"216","1","10",,,,,"96",,
"217","1","10",,,,,"97",,
"218","1","10",,,,,"98",,
"219","1","10",,,,,"99",,
"220","1","10",,,,,"100",,
"221","1","10",,,,,"101",,
"222","1","10",,,,,"102",,
"223","1","10",,,,,"103",,
"224","1","10",,,,,"104",,
"225","1","10",,,,,"105",,
"226","1","10",,,,,"106",,
"227","1","8",,,,,"107",,
"228","1","8",,,,,"108",,
"229","1","8",,,,,"109",,
"230","1","8",,,,,"110",,
"231","1","8",,,,,"111",,
"232","1","8",,,,,"112",,
"233","1","8",,,,,"113",,
"234","1","8",,,,,"114",,
"235","1","8",,,,,"115",,
"236","1","8",,,,,"116",,
"237","1","8",,,,,"117",,
"238","1","8",,,,,"118",,
"239","1","8",,,,,"119",,
"240","1","11",,,,,"120",,
"241","1","11",,,,,"121",,
"242","1","11",,,,,"122",,
"243","1","7",,,,,"123",,
"244","1","7",,,,,"124",,
"245","1","7",,,,,"125",,
"246","1","7",,,,,"126",,
"247","1","7",,,,,"127",,
"248","1","7",,,,,"128",,
"249","1","7",,,,,"129",,
"250","1","7",,,,,"130",,
"251","1","7",,,,,"131",,
"252","1","7",,,,,"132",,
"253","1","7",,,,,"133",,
"254","1","7",,,,,"134",,
"255","1","7",,,,,"135",,
"256","1","7",,,,,"136",,
"257","1","7",,,,,"137",,
"258","1","6",,,,,"138",,
"259","1","6",,,,,"139",,
"260","1","6",,,,,"140",,
"261","1","6",,,,,"141",,
"262","1","6",,,,,"142",,
"263","1","6",,,,,"143",,
"264","1","6",,,,,"144",,
"265","1","6",,,,,"145",,
"266","1","6",,,,,"146",,
"267","1","6",,,,,"147",,
"268","1","6",,,,,"148",,
"269","1","6",,,,,"149",,
"270","1","6",,,,,"150",,
"271","1","6",,,,,"151",,
"272","1","6",,,,,"152",,
"273","1","6",,,,,"153",,
"274","1","6",,,,,"154",,
"275","1","6",,,,,"155",,
"276","1","6",,,,,"156",,
"277","1","6",,,,,"157",,
"278","1","6",,,,,"158",,
"279","1","6",,,,,"159",,
"280","1","6",,,,,"160",,
"281","1","6",,,,,"161",,
"282","1","6",,,,,"162",,
"283","1","6",,,,,"163",,
"284","1","2",,,,,"164",,
"285","1","2",,,,,"165",,
"286","1","2",,,,,"166",,
"287","1","2",,,,,"167",,
"288","1","2",,,,,"168",,
"289","1","2",,,,,"169",,
"290","1","2",,,,,"170",,
"291","1","2",,,,,"171",,
"292","1","2",,,,,"172",,
"293","1","2",,,,,"173",,
"294","1","2",,,,,"174",,
"295","1","2",,,,,"175",,
"296","1","2","5","1",,"88",,,
"297","1","8","6","7",,"89",,,
"298","1","3","7","2",,"90",,,
"299","1","9","8","8",,"91",,,
"300","1","3","7","2",,"92",,,
"301","1","8","6","7",,"93",,,
"302","1","8","6","7",,"94",,,
"303","1","3","7","2",,"95",,,
"304","1","9","8","8",,"96",,,
"305","1","9","8","8",,"97",,,
"306","1","9","8","8",,"98",,,
"307","1","8","6","7",,"99",,,
"308","1","3","7","2",,"100",,,
"309","1","9","8","8",,"101",,,
"310","1","3","7","2",,"102",,,
"311","1","8","6","7",,"103",,,
"312","1","3","7","2",,"104",,,
"313","1","3","7","2",,"105",,,
"314","1","3","7","2",,"106",,,
"315","1","3","7","2",,"107",,,
"316","1","3","7","2",,"108",,,
"317","1","3","7","2",,"109",,,
"318","1","8","6","7",,"110",,,
"319","1","8","6","7",,"111",,,
"320","1","3","7","2",,"112",,,
"321","1","9","8","8",,"113",,,
"322","1","3","7","2",,"114",,,
"323","1","3","7","2",,"115",,,
"324","1","3","7","2",,"116",,,
"325","1","9","8","8",,"117",,,
"326","1","8","6","7",,"118",,,
"327","1","3","7","2",,"119",,,
"328","1","9","8","8",,"120",,,
"329","1","3","7","2",,"121",,,
"330","1","8","6","7",,"122",,,
"331","1","8","6","7",,"123",,,
"332","1","9","8","8",,"124",,,
"333","1","3","7","2",,"125",,,
"334","1","8","6","7",,"126",,,
"335","1","3","7","2",,"127",,,
"336","1","8","6","7",,"128",,,
"337","1","3","7","2",,"129",,,
"338","1","3","7","2",,"130",,,
"339","1","8","6","7",,"131",,,
"340","1","3","7","2",,"132",,,
"341","1","8","6","7",,"133",,,
"342","1","9","8","8",,"134",,,
"343","1","3","7","2",,"135",,,
"344","1","8","6","7",,"136",,,
"345","1","3","7","2",,"137",,,
"346","1","9","8","8",,"138",,,
"347","1","8","6","7",,"139",,,
"348","1","3","7","2",,"140",,,
"349","1","3","7","2",,"141",,,
"350","1","9","8","8",,"142",,,
"351","1","8","6","7",,"143",,,
"352","1","3","7","2",,"144",,,
"353","1","8","6","7",,"145",,,
"354","1","9","8","8",,"146",,,
"355","1","8","6","7",,"147",,,
"356","1","3","7","2",,"148",,,
"357","1","3","7","2",,"149",,,
"358","1","8","6","7",,"150",,,
"359","1","3","7","2",,"151",,,
"360","1","3","7","2",,"152",,,
"361","1","8","6","7",,"153",,,
"362","1","3","7","2",,"154",,,
"363","1","3","7","2",,"155",,,
"364","1","3","7","2",,"156",,,
"365","1","3","7","2",,"157",,,
"366","1","4","9","3",,"158",,,
"367","1","9","8","8",,"159",,,
"368","1","8","6","7",,"160",,,
"369","1","3","7","2",,"161",,,
"370","1","3","7","2",,"162",,,
"371","1","8","6","7",,"163",,,
"372","1","9","8","8",,"164",,,
"373","1","3","7","2",,"165",,,
"374","1","8","6","7",,"166",,,
"375","1","8","6","7",,"167",,,
"376","1","3","7","2",,"168",,,
"377","1","8","6","7",,"169",,,
"378","1","3","7","2",,"170",,,
"379","1","3","7","2",,"171",,,
"380","1","9","8","8",,"172",,,
"381","1","9","8","8",,"173",,,
"382","1","7","10","6",,"174",,,
"383","1","7","10","6",,"175",,,
"384","1","7","10","6",,"176",,,
"385","1","7","10","6",,"177",,,
"386","1","7","10","6",,"178",,,
"387","1","7","10","6",,"179",,,
"388","1","7","10","6",,"180",,,
"389","1","7","10","6",,"181",,,
"390","1","7","10","6",,"182",,,
"391","1","7","10","6",,"183",,,
"392","1","7","10","6",,"184",,,
"393","1","7","10","6",,"185",,,
"394","1","7","10","6",,"186",,,
"395","1","7","10","6",,"187",,,
"396","1","7","10","6",,"188",,,
"397","1","10","11","9",,"189",,,
"398","1","10","11","9",,"190",,,
"399","1","2","1","1",,"191",,,
"400","1","2","1","1",,"192",,,
"401","1","2","1","1",,"193",,,
"402","1","2","1","1",,"194",,,
"403","1","9","8","8",,"195",,,
"404","1","6","12","5",,"196",,,
"405","1","7","10","6",,"197",,,
"406","1","8","6","7",,"198",,,
"407","1","3","7","2",,"199",,,
"408","1","4","9","3",,"200",,,
"409","1","10","13","9",,"201",,,
"410","1","5","14","4",,"202",,,
"411","1","12","15","11",,"203",,,
"412","1","6","12","5",,"204",,,
"413","1","4","9","3",,"205",,,
"414","1","3","7","2",,"206",,,
"415","1","9","8","8",,"207",,,
"416","1","10","13","9",,"208",,,
"417","1","5","14","4",,"209",,,
"418","1","12","15","11",,"210",,,
"419","1","7","10","6",,"211",,,
"420","1","8","6","7",,"212",,,
"421","1","9","8","8",,"213",,,
"422","1","6","12","5",,"214",,,
"423","1","6","12","5",,"215",,,
"424","1","9","8","8",,"216",,,
"425","1","10","13","9",,"217",,,
"426","1","3","7","2",,"218",,,
"427","1","5","14","4",,"219",,,
"428","1","4","9","3",,"220",,,
"429","1","12","15","11",,"221",,,
"430","1","8","6","7",,"222",,,
"431","1","7","10","6",,"223",,,
"432","1","6","12","5",,"224",,,
"433","1","9","8","8",,"225",,,
"434","1","2","1","1",,"226",,,
"435","1","2","1","1",,"227",,,
"436","1","2","1","1",,"228",,,
"437","1","2","1","1",,"229",,,
"438","1","2","1","1",,"230",,,
"439","1","2","1","1",,"231",,,
"440","1","2","1","1",,"232",,,
"441","1","2","1","1",,"233",,,
"442","1","2","1","1",,"234",,,
"443","1","2","1","1",,"235",,,
"444","1","10","16","9",,"236",,,
"445","1","9","17","8",,"237",,,
"446","1","4","18","3",,"238",,,
"447","1","2","19","1",,"239",,,
"448","1","2","20","1",,"240",,,
"449","1","2","21","1",,"241",,,
"450","1","9","2","8",,"242",,,
"451","1","2","22","1",,"243",,,
"452","1","3","23","2",,"244",,,
"453","1","3","24","2",,"245",,,
"454","1","3","23","2",,"246",,,
"455","1","4","18","3",,"247",,,
"456","1","2","21","1",,"248",,,
"457","1","4","18","3",,"249",,,
"458","1","3","23","2",,"250",,,
"459","1","3","23","2",,"251",,,
"460","1","4","18","3",,"252",,,
"461","1","6","12","5",,"253",,,
"462","1","7","10","6",,"254",,,
"463","1","12","15","11",,"255",,,
"464","1","4","9","3",,"256",,,
"465","1","6","12","5",,"257",,,
"466","1","9","8","8",,"258",,,
"467","1","11","28","10",,"259",,,
"468","1","8","6","7",,"260",,,
"469","1","10","13","9",,"261",,,
"470","1","3","7","2",,"262",,,
"471","1","7","10","6",,"263",,,
"472","1","5","14","4",,"264",,,
"473","1","12","15","11",,"265",,,
"474","1","12","15","11",,"266",,,
"475","1","12","15","11",,"267",,,
"476","1","12","15","11",,"268",,,
"477","1","12","15","11",,"269",,,
"478","1","12","15","11",,"270",,,
"479","1","12","15","11",,"271",,,
"481","22","31",,,"34",,,,
"482","22","31",,,"35",,,,
"483","22","31",,,"36",,,,
"484","22","31",,,"37",,,,
"485","22","31",,,"38",,,,
"486","22","31",,,"39",,,,
"487","22","31",,,"40",,,,
"488","22","31",,,"41",,,,
"489","22","31",,,"42",,,,
"490","22","31",,,"43",,,,
"491","22","31",,,"44",,,,
"492","22","31",,,"45",,,,
"493","22","31",,,"46",,,,
"494","22","31",,,"47",,,,
"495","22","31",,,"48",,,,
"496","22","31",,,"49",,,,
"497","22","31",,,"50",,,,
"498","22","31",,,"51",,,,
"499","22","31",,,"52",,,,
"500","22","31",,,"53",,,,
"501","22","31",,,"54",,,,
"502","22","31",,,"55",,,,
"503","22","31",,,"56",,,,
"504","22","31",,,"57",,,,
"505","22","31",,,"58",,,,
"506","22","31",,,"59",,,,
"507","22","31",,,"60",,,,
"508","22","31",,,"61",,,,
"509","22","31",,,"62",,,,
"510","22","31",,,"63",,,,
"511","22","31",,,"64",,,,
"512","22","31",,,"65",,,,
"513","22","31",,,"66",,,,
"514","22","31",,,"37","272",,,
"515","22","31",,,"37","273",,,
"516","22","31",,,"38","274",,,
"517","22","31",,,"37","275",,,
"518","22","31",,,"37","276",,,
"519","22","31",,,"38","277",,,
"520","22","31",,,"52","278",,,
"521","22","31",,,"39","279",,,
"522","22","31",,,"36","280",,,
"523","22","31",,,"37","281",,,
"524","22","31",,,"37","282",,,
"525","22","31",,,"52","283",,,
"526","22","31",,,"52","284",,,
"527","22","31",,,"38","285",,,
"528","22","31",,,"39","286",,,
"529","22","31",,,"50","287",,,
"530","22","31",,,"38","288",,,
"531","22","31",,,"44","289",,,
"532","22","31",,,"53","290",,,
"533","22","31",,,"44","291",,,
"534","22","31",,,"38","292",,,
"535","22","31",,,"38","293",,,
"536","22","31",,,"44","294",,,
"537","22","31",,,"44","295",,,
"538","22","31",,,"38","296",,,
"539","22","31",,,"44","297",,,
"540","22","31",,,"50","298",,,
"541","22","31",,,"53","299",,,
"542","22","31",,,"53","300",,,
"543","22","31",,,"53","301",,,
"544","22","31",,,"39","302",,,
"545","22","31",,,"41","303",,,
"546","22","31",,,"52","304",,,
"547","22","31",,,"41","305",,,
"548","22","31",,,"52","306",,,
"549","22","31",,,"41","307",,,
"550","22","31",,,"54","308",,,
"551","22","31",,,"39","309",,,
"552","22","31",,,"62","310",,,
"553","22","31",,,"62","311",,,
"554","22","31",,,"39","312",,,
"555","22","31",,,"39","313",,,
"556","22","31",,,"41","314",,,
"557","22","31",,,"64","315",,,
"558","22","31",,,"47","316",,,
"559","22","31",,,"48","317",,,
"560","22","31",,,"50","318",,,
"561","22","31",,,"50","319",,,
"562","22","31",,,"50","320",,,
"563","22","31",,,"43","321",,,
"564","22","31",,,"43","322",,,
"565","22","31",,,"43","323",,,
"566","22","31",,,"43","324",,,
"567","22","31",,,"45","325",,,
"568","22","31",,,"45","326",,,
"569","22","31",,,"45","327",,,
"570","22","31",,,"45","328",,,
"571","22","31",,,"40","329",,,
"572","22","31",,,"49","330",,,
"573","22","31",,,"49","331",,,
"574","22","31",,,"49","332",,,
"575","22","31",,,"49","333",,,
"576","22","31",,,"49","334",,,
"577","22","31",,,"42","335",,,
"578","22","31",,,"42","336",,,
"579","22","31",,,"42","337",,,
"580","22","31",,,"42","338",,,
"581","22","31",,,"40","339",,,
"582","22","31",,,"40","340",,,
"583","22","31",,,"40","341",,,
"584","22","31",,,"61","342",,,
"585","22","31",,,"62","343",,,
"586","22","31",,,"62","344",,,
"587","22","31",,,"62","345",,,
"588","22","31",,,"53","346",,,
"589","22","31",,,"40","347",,,
"590","22","31",,,"46","348",,,
"591","22","31",,,"46","349",,,
"592","22","31",,,"46","350",,,
"593","22","31",,,"46","351",,,
"594","22","31",,,"46","352",,,
"595","22","31",,,"47","353",,,
"596","22","31",,,"47","354",,,
"597","22","33","30","13",,"355",,,
"598","22","49","31","20",,"356",,,
"599","22","36","32","15",,"357",,,
"600","22","35","33","14",,"358",,,
"601","22","37",,,,,"176",,
"602","22","37",,,,,"177",,
"603","22","37",,,,,"178",,
"604","22","37",,,,,"179",,
"605","22","37",,,,,"180",,
"606","22","37",,,,,"181",,
"607","22","37",,,,,"182",,
"608","22","37",,,,,"183",,
"609","22","37",,,,,"184",,
"610","22","37",,,,,"185",,
"611","22","37",,,,,"186",,
"612","22","37",,,,,"187",,
"613","22","37",,,,,"188",,
"614","22","37",,,,,"189",,
"615","22","37",,,,,"190",,
"616","22","37",,,,,"191",,
"617","22","37",,,,,"192",,
"618","22","37",,,,,"193",,
"619","22","37",,,,,"194",,
"620","22","37",,,,,"195",,
"621","22","52",,,,,"196",,
"622","22","52",,,,,"197",,
"623","22","52",,,,,"198",,
"624","22","52",,,,,"199",,
"625","22","52",,,,,"200",,
"626","22","52",,,,,"201",,
"627","22","52",,,,,"202",,
"628","22","52",,,,,"203",,
"629","22","52",,,,,"204",,
"630","22","52",,,,,"205",,
"631","22","52",,,,,"206",,
"632","22","52",,,,,"207",,
"633","22","52",,,,,"208",,
"634","22","52",,,,,"209",,
"635","22","52",,,,,"210",,
"636","22","35",,,,,"211",,
"637","22","35",,,,,"212",,
"638","22","35",,,,,"213",,
"639","22","35",,,,,"214",,
"640","22","35",,,,,"215",,
"641","22","35",,,,,"216",,
"642","22","35",,,,,"217",,
"643","22","35",,,,,"218",,
"644","22","35",,,,,"219",,
"645","22","35",,,,,"220",,
"646","22","35",,,,,"221",,
"647","22","35",,,,,"222",,
"648","22","35",,,,,"223",,
"649","22","35",,,,,"224",,
"650","22","35",,,,,"225",,
"651","22","35",,,,,"226",,
"652","22","35",,,,,"227",,
"653","22","35",,,,,"228",,
"654","22","49",,,,,"229",,
"655","22","49",,,,,"230",,
"656","22","49",,,,,"231",,
"657","22","49",,,,,"232",,
"658","22","49",,,,,"233",,
"659","22","49",,,,,"234",,
"660","22","49",,,,,"235",,
"661","22","49",,,,,"236",,
"662","22","49",,,,,"237",,
"663","22","49",,,,,"238",,
"664","22","49",,,,,"239",,
"665","22","49",,,,,"240",,
"666","22","49",,,,,"241",,
"667","22","49",,,,,"242",,
"668","22","49",,,,,"243",,
"669","22","36",,,,,"244",,
"670","22","36",,,,,"245",,
"671","22","36",,,,,"246",,
"672","22","36",,,,,"247",,
"673","22","36",,,,,"248",,
"674","22","36",,,,,"249",,
"675","22","36",,,,,"250",,
"676","22","36",,,,,"251",,
"677","22","36",,,,,"252",,
"678","22","36",,,,,"253",,
"679","22","36",,,,,"254",,
"680","22","36",,,,,"255",,
"681","22","36",,,,,"256",,
"682","22","36",,,,,"257",,
"683","22","36",,,,,"258",,
"684","22","36",,,,,"259",,
"685","22","36",,,,,"260",,
"686","22","36",,,,,"261",,
"687","22","36",,,,,"262",,
"688","22","36",,,,,"263",,
"689","22","36",,,,,"264",,
"690","22","50",,,,,"265",,
"691","22","50",,,,,"266",,
"692","22","50",,,,,"267",,
"693","22","50",,,,,"268",,
"694","22","50",,,,,"269",,
"695","22","50",,,,,"270",,
"696","22","50",,,,,"271",,
"697","22","50",,,,,"272",,
"698","22","50",,,,,"273",,
"699","22","50",,,,,"274",,
"700","22","50",,,,,"275",,
"701","22","50",,,,,"276",,
"702","22","50",,,,,"277",,
"703","22","50",,,,,"278",,
"704","22","50",,,,,"279",,
"705","22","50",,,,,"280",,
"706","22","50",,,,,"281",,
"707","22","48",,,,,"282",,
"708","22","48",,,,,"283",,
"709","22","48",,,,,"284",,
"710","22","48",,,,,"285",,
"711","22","48",,,,,"286",,
"712","22","48",,,,,"287",,
"713","22","48",,,,,"288",,
"714","22","48",,,,,"289",,
"715","22","48",,,,,"290",,
"716","22","48",,,,,"291",,
"717","22","48",,,,,"292",,
"718","22","48",,,,,"293",,
"719","22","48",,,,,"294",,
"720","22","51",,,,,"295",,
"721","22","51",,,,,"296",,
"722","22","51",,,,,"297",,
"723","22","46",,,,,"298",,
"724","22","46",,,,,"299",,
"725","22","46",,,,,"300",,
"726","22","46",,,,,"301",,
"727","22","46",,,,,"302",,
"728","22","46",,,,,"303",,
"729","22","46",,,,,"304",,
"730","22","46",,,,,"305",,
"731","22","46",,,,,"306",,
"732","22","46",,,,,"307",,
"733","22","46",,,,,"308",,
"734","22","46",,,,,"309",,
"735","22","46",,,,,"310",,
"736","22","46",,,,,"311",,
"737","22","46",,,,,"312",,
"738","22","43",,,,,"313",,
"739","22","43",,,,,"314",,
"740","22","43",,,,,"315",,
"741","22","43",,,,,"316",,
"742","22","43",,,,,"317",,
"743","22","43",,,,,"318",,
"744","22","43",,,,,"319",,
"745","22","43",,,,,"320",,
"746","22","43",,,,,"321",,
"747","22","43",,,,,"322",,
"748","22","43",,,,,"323",,
"749","22","43",,,,,"324",,
"750","22","43",,,,,"325",,
"751","22","43",,,,,"326",,
"752","22","43",,,,,"327",,
"753","22","43",,,,,"328",,
"754","22","43",,,,,"329",,
"755","22","43",,,,,"330",,
"756","22","43",,,,,"331",,
"757","22","43",,,,,"332",,
"758","22","43",,,,,"333",,
"759","22","43",,,,,"334",,
"760","22","43",,,,,"335",,
"761","22","43",,,,,"336",,
"762","22","43",,,,,"337",,
"763","22","43",,,,,"338",,
"764","22","33",,,,,"339",,
"765","22","33",,,,,"340",,
"766","22","33",,,,,"341",,
"767","22","33",,,,,"342",,
"768","22","33",,,,,"343",,
"769","22","33",,,,,"344",,
"770","22","33",,,,,"345",,
"771","22","33",,,,,"346",,
"772","22","33",,,,,"347",,
"773","22","33",,,,,"348",,
"774","22","33",,,,,"349",,
"775","22","33",,,,,"350",,
"776","22","33","34","13",,"359",,,
"777","22","48","35","19",,"360",,,
"778","22","35","36","14",,"361",,,
"779","22","49","37","20",,"362",,,
"780","22","35","36","14",,"363",,,
"781","22","48","35","19",,"364",,,
"782","22","48","35","19",,"365",,,
"783","22","35","36","14",,"366",,,
"784","22","49","37","20",,"367",,,
"785","22","49","37","20",,"368",,,
"786","22","49","37","20",,"369",,,
"787","22","48","35","19",,"370",,,
"788","22","35","36","14",,"371",,,
"789","22","49","37","20",,"372",,,
"790","22","35","36","14",,"373",,,
"791","22","48","35","19",,"374",,,
"792","22","35","36","14",,"375",,,
"793","22","35","36","14",,"376",,,
"794","22","35","36","14",,"377",,,
"795","22","35","36","14",,"378",,,
"796","22","35","36","14",,"379",,,
"797","22","35","36","14",,"380",,,
"798","22","48","35","19",,"381",,,
"799","22","48","35","19",,"382",,,
"800","22","35","36","14",,"383",,,
"801","22","49","37","20",,"384",,,
"802","22","35","36","14",,"385",,,
"803","22","35","36","14",,"386",,,
"804","22","35","36","14",,"387",,,
"805","22","49","37","20",,"388",,,
"806","22","48","35","19",,"389",,,
"807","22","35","36","14",,"390",,,
"808","22","49","37","20",,"391",,,
"809","22","35","36","14",,"392",,,
"810","22","48","35","19",,"393",,,
"811","22","48","35","19",,"394",,,
"812","22","49","37","20",,"395",,,
"813","22","35","36","14",,"396",,,
"814","22","48","35","19",,"397",,,
"815","22","35","36","14",,"398",,,
"816","22","48","35","19",,"399",,,
"817","22","35","36","14",,"400",,,
"818","22","35","36","14",,"401",,,
"819","22","48","35","19",,"402",,,
"820","22","35","36","14",,"403",,,
"821","22","48","35","19",,"404",,,
"822","22","49","37","20",,"405",,,
"823","22","35","36","14",,"406",,,
"824","22","48","35","19",,"407",,,
"825","22","35","36","14",,"408",,,
"826","22","49","37","20",,"409",,,
"827","22","48","35","19",,"410",,,
"828","22","35","36","14",,"411",,,
"829","22","35","36","14",,"412",,,
"830","22","49","37","20",,"413",,,
"831","22","48","35","19",,"414",,,
"832","22","35","36","14",,"415",,,
"833","22","48","35","19",,"416",,,
"834","22","49","37","20",,"417",,,
"835","22","48","35","19",,"418",,,
"836","22","35","36","14",,"419",,,
"837","22","35","36","14",,"420",,,
"838","22","48","35","19",,"421",,,
"839","22","35","36","14",,"422",,,
"840","22","35","36","14",,"423",,,
"841","22","48","35","19",,"424",,,
"842","22","35","36","14",,"425",,,
"843","22","35","36","14",,"426",,,
"844","22","35","36","14",,"427",,,
"845","22","35","36","14",,"428",,,
"846","22","36","38","15",,"429",,,
"847","22","49","37","20",,"430",,,
"848","22","48","35","19",,"431",,,
"849","22","35","36","14",,"432",,,
"850","22","35","36","14",,"433",,,
"851","22","48","35","19",,"434",,,
"852","22","49","37","20",,"435",,,
"853","22","35","36","14",,"436",,,
"854","22","48","35","19",,"437",,,
"855","22","48","35","19",,"438",,,
"856","22","35","36","14",,"439",,,
"857","22","48","35","19",,"440",,,
"858","22","35","36","14",,"441",,,
"859","22","35","36","14",,"442",,,
"860","22","49","37","20",,"443",,,
"861","22","49","37","20",,"444",,,
"862","22","46","39","18",,"445",,,
"863","22","46","39","18",,"446",,,
"864","22","46","39","18",,"447",,,
"865","22","46","39","18",,"448",,,
"866","22","46","39","18",,"449",,,
"867","22","46","39","18",,"450",,,
"868","22","46","39","18",,"451",,,
"869","22","46","39","18",,"452",,,
"870","22","46","39","18",,"453",,,
"871","22","46","39","18",,"454",,,
"872","22","46","39","18",,"455",,,
"873","22","46","39","18",,"456",,,
"874","22","46","39","18",,"457",,,
"875","22","46","39","18",,"458",,,
"876","22","46","39","18",,"459",,,
"877","22","50","40","21",,"460",,,
"878","22","50","40","21",,"461",,,
"879","22","33","30","13",,"462",,,
"880","22","33","30","13",,"463",,,
"881","22","33","30","13",,"464",,,
"882","22","33","30","13",,"465",,,
"883","22","49","37","20",,"466",,,
"884","22","43","41","17",,"467",,,
"885","22","46","39","18",,"468",,,
"886","22","48","35","19",,"469",,,
"887","22","35","36","14",,"470",,,
"888","22","36","38","15",,"471",,,
"889","22","50","42","21",,"472",,,
"890","22","37","43","16",,"473",,,
"891","22","52","44","23",,"474",,,
"892","22","43","41","17",,"475",,,
"893","22","36","38","15",,"476",,,
"894","22","35","36","14",,"477",,,
"895","22","49","37","20",,"478",,,
"896","22","50","42","21",,"479",,,
"897","22","37","43","16",,"480",,,
"898","22","52","44","23",,"481",,,
"899","22","46","39","18",,"482",,,
"900","22","48","35","19",,"483",,,
"901","22","49","37","20",,"484",,,
"902","22","43","41","17",,"485",,,
"903","22","43","41","17",,"486",,,
"904","22","49","37","20",,"487",,,
"905","22","50","42","21",,"488",,,
"906","22","35","36","14",,"489",,,
"907","22","37","43","16",,"490",,,
"908","22","36","38","15",,"491",,,
"909","22","52","44","23",,"492",,,
"910","22","48","35","19",,"493",,,
"911","22","46","39","18",,"494",,,
"912","22","43","41","17",,"495",,,
"913","22","49","37","20",,"496",,,
"914","22","33","30","13",,"497",,,
"915","22","33","30","13",,"498",,,
"916","22","33","30","13",,"499",,,
"917","22","33","30","13",,"500",,,
"918","22","33","30","13",,"501",,,
"919","22","33","30","13",,"502",,,
"920","22","33","30","13",,"503",,,
"921","22","33","30","13",,"504",,,
"922","22","33","30","13",,"505",,,
"923","22","33","30","13",,"506",,,
"924","22","50","45","21",,"507",,,
"925","22","49","46","20",,"508",,,
"926","22","36","47","15",,"509",,,
"927","22","33","48","13",,"510",,,
"928","22","33","49","13",,"511",,,
"929","22","33","50","13",,"512",,,
"930","22","49","31","20",,"513",,,
"931","22","33","51","13",,"514",,,
"932","22","35","52","14",,"515",,,
"933","22","35","53","14",,"516",,,
"934","22","35","52","14",,"517",,,
"935","22","36","47","15",,"518",,,
"936","22","33","50","13",,"519",,,
"937","22","36","47","15",,"520",,,
"938","22","35","52","14",,"521",,,
"939","22","35","52","14",,"522",,,
"940","22","36","47","15",,"523",,,
"941","22","43","41","17",,"524",,,
"942","22","46","39","18",,"525",,,
"943","22","52","44","23",,"526",,,
"944","22","36","38","15",,"527",,,
"945","22","43","41","17",,"528",,,
"946","22","49","37","20",,"529",,,
"947","22","51","57","22",,"530",,,
"948","22","48","35","19",,"531",,,
"949","22","50","42","21",,"532",,,
"950","22","35","36","14",,"533",,,
"951","22","46","39","18",,"534",,,
"952","22","37","43","16",,"535",,,
"953","22","52","44","23",,"536",,,
"954","22","52","44","23",,"537",,,
"955","22","52","44","23",,"538",,,
"956","22","52","44","23",,"539",,,
"957","22","52","44","23",,"540",,,
"958","22","52","44","23",,"541",,,
"959","22","52","44","23",,"542",,,
"961","13","32",,,"67",,,,
"962","13","32",,,"68",,,,
"963","13","32",,,"69",,,,
"964","13","32",,,"70",,,,
"965","13","32",,,"71",,,,
"966","13","32",,,"72",,,,
"967","13","32",,,"73",,,,
"968","13","32",,,"74",,,,
"969","13","32",,,"75",,,,
"970","13","32",,,"76",,,,
"971","13","32",,,"77",,,,
"972","13","32",,,"78",,,,
"973","13","32",,,"79",,,,
"974","13","32",,,"80",,,,
"975","13","32",,,"81",,,,
"976","13","32",,,"82",,,,
"977","13","32",,,"83",,,,
"978","13","32",,,"84",,,,
"979","13","32",,,"85",,,,
"980","13","32",,,"86",,,,
"981","13","32",,,"87",,,,
"982","13","32",,,"88",,,,
"983","13","32",,,"89",,,,
"984","13","32",,,"90",,,,
"985","13","32",,,"91",,,,
"986","13","32",,,"92",,,,
"987","13","32",,,"93",,,,
"988","13","32",,,"94",,,,
"989","13","32",,,"95",,,,
"990","13","32",,,"96",,,,
"991","13","32",,,"97",,,,
"992","13","32",,,"98",,,,
"993","13","32",,,"99",,,,
"994","13","32",,,"70","543",,,
"995","13","32",,,"70","544",,,
"996","13","32",,,"71","545",,,
"997","13","32",,,"70","546",,,
"998","13","32",,,"70","547",,,
"999","13","32",,,"71","548",,,
"1000","13","32",,,"85","549",,,
"1001","13","32",,,"72","550",,,
"1002","13","32",,,"69","551",,,
"1003","13","32",,,"70","552",,,
"1004","13","32",,,"70","553",,,
"1005","13","32",,,"85","554",,,
"1006","13","32",,,"85","555",,,
"1007","13","32",,,"71","556",,,
"1008","13","32",,,"72","557",,,
"1009","13","32",,,"83","558",,,
"1010","13","32",,,"71","559",,,
"1011","13","32",,,"77","560",,,
"1012","13","32",,,"86","561",,,
"1013","13","32",,,"77","562",,,
"1014","13","32",,,"71","563",,,
"1015","13","32",,,"71","564",,,
"1016","13","32",,,"77","565",,,
"1017","13","32",,,"77","566",,,
"1018","13","32",,,"71","567",,,
"1019","13","32",,,"77","568",,,
"1020","13","32",,,"83","569",,,
"1021","13","32",,,"86","570",,,
"1022","13","32",,,"86","571",,,
"1023","13","32",,,"86","572",,,
"1024","13","32",,,"72","573",,,
"1025","13","32",,,"74","574",,,
"1026","13","32",,,"85","575",,,
"1027","13","32",,,"74","576",,,
"1028","13","32",,,"85","577",,,
"1029","13","32",,,"74","578",,,
"1030","13","32",,,"87","579",,,
"1031","13","32",,,"72","580",,,
"1032","13","32",,,"95","581",,,
"1033","13","32",,,"95","582",,,
"1034","13","32",,,"72","583",,,
"1035","13","32",,,"72","584",,,
"1036","13","32",,,"74","585",,,
"1037","13","32",,,"97","586",,,
"1038","13","32",,,"80","587",,,
"1039","13","32",,,"81","588",,,
"1040","13","32",,,"83","589",,,
"1041","13","32",,,"83","590",,,
"1042","13","32",,,"83","591",,,
"1043","13","32",,,"76","592",,,
"1044","13","32",,,"76","593",,,
"1045","13","32",,,"76","594",,,
"1046","13","32",,,"76","595",,,
"1047","13","32",,,"78","596",,,
"1048","13","32",,,"78","597",,,
"1049","13","32",,,"78","598",,,
"1050","13","32",,,"78","599",,,
"1051","13","32",,,"73","600",,,
"1052","13","32",,,"82","601",,,
"1053","13","32",,,"82","602",,,
"1054","13","32",,,"82","603",,,
"1055","13","32",,,"82","604",,,
"1056","13","32",,,"82","605",,,
"1057","13","32",,,"75","606",,,
"1058","13","32",,,"75","607",,,
"1059","13","32",,,"75","608",,,
"1060","13","32",,,"75","609",,,
"1061","13","32",,,"73","610",,,
"1062","13","32",,,"73","611",,,
"1063","13","32",,,"73","612",,,
"1064","13","32",,,"94","613",,,
"1065","13","32",,,"95","614",,,
"1066","13","32",,,"95","615",,,
"1067","13","32",,,"95","616",,,
"1068","13","32",,,"86","617",,,
"1069","13","32",,,"73","618",,,
"1070","13","32",,,"79","619",,,
"1071","13","32",,,"79","620",,,
"1072","13","32",,,"79","621",,,
"1073","13","32",,,"79","622",,,
"1074","13","32",,,"79","623",,,
"1075","13","32",,,"80","624",,,
"1076","13","32",,,"80","625",,,
"1077","13","53","59","24",,"626",,,
"1078","13","55","60","25",,"627",,,
"1079","13","56","61","26",,"628",,,
"1080","13","57","62","27",,"629",,,
"1081","13","57",,,,,"351",,
"1082","13","57",,,,,"352",,
"1083","13","57",,,,,"353",,
"1084","13","57",,,,,"354",,
"1085","13","57",,,,,"355",,
"1086","13","57",,,,,"356",,
"1087","13","57",,,,,"357",,
"1088","13","57",,,,,"358",,
"1089","13","57",,,,,"359",,
"1090","13","57",,,,,"360",,
"1091","13","57",,,,,"361",,
"1092","13","57",,,,,"362",,
"1093","13","57",,,,,"363",,
"1094","13","57",,,,,"364",,
"1095","13","57",,,,,"365",,
"1096","13","57",,,,,"366",,
"1097","13","57",,,,,"367",,
"1098","13","57",,,,,"368",,
"1099","13","57",,,,,"369",,
"1100","13","57",,,,,"370",,
"1101","13","64",,,,,"371",,
"1102","13","64",,,,,"372",,
"1103","13","64",,,,,"373",,
"1104","13","64",,,,,"374",,
"1105","13","64",,,,,"375",,
"1106","13","64",,,,,"376",,
"1107","13","64",,,,,"377",,
"1108","13","64",,,,,"378",,
"1109","13","64",,,,,"379",,
"1110","13","64",,,,,"380",,
"1111","13","64",,,,,"381",,
"1112","13","64",,,,,"382",,
"1113","13","64",,,,,"383",,
"1114","13","64",,,,,"384",,
"1115","13","64",,,,,"385",,
"1116","13","55",,,,,"386",,
"1117","13","55",,,,,"387",,
"1118","13","55",,,,,"388",,
"1119","13","55",,,,,"389",,
"1120","13","55",,,,,"390",,
"1121","13","55",,,,,"391",,
"1122","13","55",,,,,"392",,
"1123","13","55",,,,,"393",,
"1124","13","55",,,,,"394",,
"1125","13","55",,,,,"395",,
"1126","13","55",,,,,"396",,
"1127","13","55",,,,,"397",,
"1128","13","55",,,,,"398",,
"1129","13","55",,,,,"399",,
"1130","13","55",,,,,"400",,
"1131","13","55",,,,,"401",,
"1132","13","55",,,,,"402",,
"1133","13","55",,,,,"403",,
"1134","13","61",,,,,"404",,
"1135","13","61",,,,,"405",,
"1136","13","61",,,,,"406",,
"1137","13","61",,,,,"407",,
"1138","13","61",,,,,"408",,
"1139","13","61",,,,,"409",,
"1140","13","61",,,,,"410",,
"1141","13","61",,,,,"411",,
"1142","13","61",,,,,"412",,
"1143","13","61",,,,,"413",,
"1144","13","61",,,,,"414",,
"1145","13","61",,,,,"415",,
"1146","13","61",,,,,"416",,
"1147","13","61",,,,,"417",,
"1148","13","61",,,,,"418",,
"1149","13","56",,,,,"419",,
"1150","13","56",,,,,"420",,
"1151","13","56",,,,,"421",,
"1152","13","56",,,,,"422",,
"1153","13","56",,,,,"423",,
"1154","13","56",,,,,"424",,
"1155","13","56",,,,,"425",,
"1156","13","56",,,,,"426",,
"1157","13","56",,,,,"427",,
"1158","13","56",,,,,"428",,
"1159","13","56",,,,,"429",,
"1160","13","56",,,,,"430",,
"1161","13","56",,,,,"431",,
"1162","13","56",,,,,"432",,
"1163","13","56",,,,,"433",,
"1164","13","56",,,,,"434",,
"1165","13","56",,,,,"435",,
"1166","13","56",,,,,"436",,
"1167","13","56",,,,,"437",,
"1168","13","56",,,,,"438",,
"1169","13","56",,,,,"439",,
"1170","13","62",,,,,"440",,
"1171","13","62",,,,,"441",,
"1172","13","62",,,,,"442",,
"1173","13","62",,,,,"443",,
"1174","13","62",,,,,"444",,
"1175","13","62",,,,,"445",,
"1176","13","62",,,,,"446",,
"1177","13","62",,,,,"447",,
"1178","13","62",,,,,"448",,
"1179","13","62",,,,,"449",,
"1180","13","62",,,,,"450",,
"1181","13","62",,,,,"451",,
"1182","13","62",,,,,"452",,
"1183","13","62",,,,,"453",,
"1184","13","62",,,,,"454",,
"1185","13","62",,,,,"455",,
"1186","13","62",,,,,"456",,
"1187","13","60",,,,,"457",,
"1188","13","60",,,,,"458",,
"1189","13","60",,,,,"459",,
"1190","13","60",,,,,"460",,
"1191","13","60",,,,,"461",,
"1192","13","60",,,,,"462",,
"1193","13","60",,,,,"463",,
"1194","13","60",,,,,"464",,
"1195","13","60",,,,,"465",,
"1196","13","60",,,,,"466",,
"1197","13","60",,,,,"467",,
"1198","13","60",,,,,"468",,
"1199","13","60",,,,,"469",,
"1200","13","63",,,,,"470",,
"1201","13","63",,,,,"471",,
"1202","13","63",,,,,"472",,
"1203","13","59",,,,,"473",,
"1204","13","59",,,,,"474",,
"1205","13","59",,,,,"475",,
"1206","13","59",,,,,"476",,
"1207","13","59",,,,,"477",,
"1208","13","59",,,,,"478",,
"1209","13","59",,,,,"479",,
"1210","13","59",,,,,"480",,
"1211","13","59",,,,,"481",,
"1212","13","59",,,,,"482",,
"1213","13","59",,,,,"483",,
"1214","13","59",,,,,"484",,
"1215","13","59",,,,,"485",,
"1216","13","59",,,,,"486",,
"1217","13","59",,,,,"487",,
"1218","13","58",,,,,"488",,
"1219","13","58",,,,,"489",,
"1220","13","58",,,,,"490",,
"1221","13","58",,,,,"491",,
"1222","13","58",,,,,"492",,
"1223","13","58",,,,,"493",,
"1224","13","58",,,,,"494",,
"1225","13","58",,,,,"495",,
"1226","13","58",,,,,"496",,
"1227","13","58",,,,,"497",,
"1228","13","58",,,,,"498",,
"1229","13","58",,,,,"499",,
"1230","13","58",,,,,"500",,
"1231","13","58",,,,,"501",,
"1232","13","58",,,,,"502",,
"1233","13","58",,,,,"503",,
"1234","13","58",,,,,"504",,
"1235","13","58",,,,,"505",,
"1236","13","58",,,,,"506",,
"1237","13","58",,,,,"507",,
"1238","13","58",,,,,"508",,
"1239","13","58",,,,,"509",,
"1240","13","58",,,,,"510",,
"1241","13","58",,,,,"511",,
"1242","13","58",,,,,"512",,
"1243","13","58",,,,,"513",,
"1244","13","53",,,,,"514",,
"1245","13","53",,,,,"515",,
"1246","13","53",,,,,"516",,
"1247","13","53",,,,,"517",,
"1248","13","53",,,,,"518",,
"1249","13","53",,,,,"519",,
"1250","13","53",,,,,"520",,
"1251","13","53",,,,,"521",,
"1252","13","53",,,,,"522",,
"1253","13","53",,,,,"523",,
"1254","13","53",,,,,"524",,
"1255","13","53",,,,,"525",,
"1256","13","53","63","24",,"630",,,
"1257","13","60","64","30",,"631",,,
"1258","13","55","65","25",,"632",,,
"1259","13","61","66","31",,"633",,,
"1260","13","55","65","25",,"634",,,
"1261","13","60","64","30",,"635",,,
"1262","13","60","64","30",,"636",,,
"1263","13","55","65","25",,"637",,,
"1264","13","61","66","31",,"638",,,
"1265","13","61","66","31",,"639",,,
"1266","13","61","66","31",,"640",,,
"1267","13","60","64","30",,"641",,,
"1268","13","55","65","25",,"642",,,
"1269","13","61","66","31",,"643",,,
"1270","13","55","65","25",,"644",,,
"1271","13","60","64","30",,"645",,,
"1272","13","55","65","25",,"646",,,
"1273","13","55","65","25",,"647",,,
"1274","13","55","65","25",,"648",,,
"1275","13","55","65","25",,"649",,,
"1276","13","55","65","25",,"650",,,
"1277","13","55","65","25",,"651",,,
"1278","13","60","64","30",,"652",,,
"1279","13","60","64","30",,"653",,,
"1280","13","55","65","25",,"654",,,
"1281","13","61","66","31",,"655",,,
"1282","13","55","65","25",,"656",,,
"1283","13","55","65","25",,"657",,,
"1284","13","55","65","25",,"658",,,
"1285","13","61","66","31",,"659",,,
"1286","13","60","64","30",,"660",,,
"1287","13","55","65","25",,"661",,,
"1288","13","61","66","31",,"662",,,
"1289","13","55","65","25",,"663",,,
"1290","13","60","64","30",,"664",,,
"1291","13","60","64","30",,"665",,,
"1292","13","61","66","31",,"666",,,
"1293","13","55","65","25",,"667",,,
"1294","13","60","64","30",,"668",,,
"1295","13","55","65","25",,"669",,,
"1296","13","60","64","30",,"670",,,
"1297","13","55","65","25",,"671",,,
"1298","13","55","65","25",,"672",,,
"1299","13","60","64","30",,"673",,,
"1300","13","55","65","25",,"674",,,
"1301","13","60","64","30",,"675",,,
"1302","13","61","66","31",,"676",,,
"1303","13","55","65","25",,"677",,,
"1304","13","60","64","30",,"678",,,
"1305","13","55","65","25",,"679",,,
"1306","13","61","66","31",,"680",,,
"1307","13","60","64","30",,"681",,,
"1308","13","55","65","25",,"682",,,
"1309","13","55","65","25",,"683",,,
"1310","13","61","66","31",,"684",,,
"1311","13","60","64","30",,"685",,,
"1312","13","55","65","25",,"686",,,
"1313","13","60","64","30",,"687",,,
"1314","13","61","66","31",,"688",,,
"1315","13","60","64","30",,"689",,,
"1316","13","55","65","25",,"690",,,
"1317","13","55","65","25",,"691",,,
"1318","13","60","64","30",,"692",,,
"1319","13","55","65","25",,"693",,,
"1320","13","55","65","25",,"694",,,
"1321","13","60","64","30",,"695",,,
"1322","13","55","65","25",,"696",,,
"1323","13","55","65","25",,"697",,,
"1324","13","55","65","25",,"698",,,
"1325","13","55","65","25",,"699",,,
"1326","13","56","67","26",,"700",,,
"1327","13","61","66","31",,"701",,,
"1328","13","60","64","30",,"702",,,
"1329","13","55","65","25",,"703",,,
"1330","13","55","65","25",,"704",,,
"1331","13","60","64","30",,"705",,,
"1332","13","61","66","31",,"706",,,
"1333","13","55","65","25",,"707",,,
"1334","13","60","64","30",,"708",,,
"1335","13","60","64","30",,"709",,,
"1336","13","55","65","25",,"710",,,
"1337","13","60","64","30",,"711",,,
"1338","13","55","65","25",,"712",,,
"1339","13","55","65","25",,"713",,,
"1340","13","61","66","31",,"714",,,
"1341","13","61","66","31",,"715",,,
"1342","13","59","68","29",,"716",,,
"1343","13","59","68","29",,"717",,,
"1344","13","59","68","29",,"718",,,
"1345","13","59","68","29",,"719",,,
"1346","13","59","68","29",,"720",,,
"1347","13","59","68","29",,"721",,,
"1348","13","59","68","29",,"722",,,
"1349","13","59","68","29",,"723",,,
"1350","13","59","68","29",,"724",,,
"1351","13","59","68","29",,"725",,,
"1352","13","59","68","29",,"726",,,
"1353","13","59","68","29",,"727",,,
"1354","13","59","68","29",,"728",,,
"1355","13","59","68","29",,"729",,,
"1356","13","59","68","29",,"730",,,
"1357","13","62","69","32",,"731",,,
"1358","13","62","69","32",,"732",,,
"1359","13","53","59","24",,"733",,,
"1360","13","53","59","24",,"734",,,
"1361","13","53","59","24",,"735",,,
"1362","13","53","59","24",,"736",,,
"1363","13","61","66","31",,"737",,,
"1364","13","58","70","28",,"738",,,
"1365","13","59","68","29",,"739",,,
"1366","13","60","64","30",,"740",,,
"1367","13","55","65","25",,"741",,,
"1368","13","56","67","26",,"742",,,
"1369","13","62","71","32",,"743",,,
"1370","13","57","72","27",,"744",,,
"1371","13","64","73","34",,"745",,,
"1372","13","58","70","28",,"746",,,
"1373","13","56","67","26",,"747",,,
"1374","13","55","65","25",,"748",,,
"1375","13","61","66","31",,"749",,,
"1376","13","62","71","32",,"750",,,
"1377","13","57","72","27",,"751",,,
"1378","13","64","73","34",,"752",,,
"1379","13","59","68","29",,"753",,,
"1380","13","60","64","30",,"754",,,
"1381","13","61","66","31",,"755",,,
"1382","13","58","70","28",,"756",,,
"1383","13","58","70","28",,"757",,,
"1384","13","61","66","31",,"758",,,
"1385","13","62","71","32",,"759",,,
"1386","13","55","65","25",,"760",,,
"1387","13","57","72","27",,"761",,,
"1388","13","56","67","26",,"762",,,
"1389","13","64","73","34",,"763",,,
"1390","13","60","64","30",,"764",,,
"1391","13","59","68","29",,"765",,,
"1392","13","58","70","28",,"766",,,
"1393","13","61","66","31",,"767",,,
"1394","13","53","59","24",,"768",,,
"1395","13","53","59","24",,"769",,,
"1396","13","53","59","24",,"770",,,
"1397","13","53","59","24",,"771",,,
"1398","13","53","59","24",,"772",,,
"1399","13","53","59","24",,"773",,,
"1400","13","53","59","24",,"774",,,
"1401","13","53","59","24",,"775",,,
"1402","13","53","59","24",,"776",,,
"1403","13","53","59","24",,"777",,,
"1404","13","62","74","32",,"778",,,
"1405","13","61","75","31",,"779",,,
"1406","13","56","76","26",,"780",,,
"1407","13","53","77","24",,"781",,,
"1408","13","53","78","24",,"782",,,
"1409","13","53","79","24",,"783",,,
"1410","13","61","60","31",,"784",,,
"1411","13","53","80","24",,"785",,,
"1412","13","55","81","25",,"786",,,
"1413","13","55","82","25",,"787",,,
"1414","13","55","81","25",,"788",,,
"1415","13","56","76","26",,"789",,,
"1416","13","53","79","24",,"790",,,
"1417","13","56","76","26",,"791",,,
"1418","13","55","81","25",,"792",,,
"1419","13","55","81","25",,"793",,,
"1420","13","56","76","26",,"794",,,
"1421","13","58","70","28",,"795",,,
"1422","13","59","68","29",,"796",,,
"1423","13","64","73","34",,"797",,,
"1424","13","56","67","26",,"798",,,
"1425","13","58","70","28",,"799",,,
"1426","13","61","66","31",,"800",,,
"1427","13","63","86","33",,"801",,,
"1428","13","60","64","30",,"802",,,
"1429","13","62","71","32",,"803",,,
"1430","13","55","65","25",,"804",,,
"1431","13","59","68","29",,"805",,,
"1432","13","57","72","27",,"806",,,
"1433","13","64","73","34",,"807",,,
"1434","13","64","73","34",,"808",,,
"1435","13","64","73","34",,"809",,,
"1436","13","64","73","34",,"810",,,
"1437","13","64","73","34",,"811",,,
"1438","13","64","73","34",,"812",,,
"1439","13","64","73","34",,"813",,,
"1441","14","32",,,"67",,,,
"1442","14","32",,,"68",,,,
"1443","14","32",,,"69",,,,
"1444","14","32",,,"70",,,,
"1445","14","32",,,"71",,,,
"1446","14","32",,,"72",,,,
"1447","14","32",,,"73",,,,
"1448","14","32",,,"74",,,,
"1449","14","32",,,"75",,,,
"1450","14","32",,,"76",,,,
"1451","14","32",,,"77",,,,
"1452","14","32",,,"78",,,,
"1453","14","32",,,"79",,,,
"1454","14","32",,,"80",,,,
"1455","14","32",,,"81",,,,
"1456","14","32",,,"82",,,,
"1457","14","32",,,"83",,,,
"1458","14","32",,,"84",,,,
"1459","14","32",,,"85",,,,
"1460","14","32",,,"86",,,,
"1461","14","32",,,"87",,,,
"1462","14","32",,,"88",,,,
"1463","14","32",,,"89",,,,
"1464","14","32",,,"90",,,,
"1465","14","32",,,"91",,,,
"1466","14","32",,,"92",,,,
"1467","14","32",,,"93",,,,
"1468","14","32",,,"94",,,,
"1469","14","32",,,"95",,,,
"1470","14","32",,,"96",,,,
"1471","14","32",,,"97",,,,
"1472","14","32",,,"98",,,,
"1473","14","32",,,"99",,,,
"1474","14","32",,,"70","543",,,
"1475","14","32",,,"70","544",,,
"1476","14","32",,,"71","545",,,
"1477","14","32",,,"70","546",,,
"1478","14","32",,,"70","547",,,
"1479","14","32",,,"71","548",,,
"1480","14","32",,,"85","549",,,
"1481","14","32",,,"72","550",,,
"1482","14","32",,,"69","551",,,
"1483","14","32",,,"70","552",,,
"1484","14","32",,,"70","553",,,
"1485","14","32",,,"85","554",,,
"1486","14","32",,,"85","555",,,
"1487","14","32",,,"71","556",,,
"1488","14","32",,,"72","557",,,
"1489","14","32",,,"83","558",,,
"1490","14","32",,,"71","559",,,
"1491","14","32",,,"77","560",,,
"1492","14","32",,,"86","561",,,
"1493","14","32",,,"77","562",,,
"1494","14","32",,,"71","563",,,
"1495","14","32",,,"71","564",,,
"1496","14","32",,,"77","565",,,
"1497","14","32",,,"77","566",,,
"1498","14","32",,,"71","567",,,
"1499","14","32",,,"77","568",,,
"1500","14","32",,,"83","569",,,
"1501","14","32",,,"86","570",,,
"1502","14","32",,,"86","571",,,
"1503","14","32",,,"86","572",,,
"1504","14","32",,,"72","573",,,
"1505","14","32",,,"74","574",,,
"1506","14","32",,,"85","575",,,
"1507","14","32",,,"74","576",,,
"1508","14","32",,,"85","577",,,
"1509","14","32",,,"74","578",,,
"1510","14","32",,,"87","579",,,
"1511","14","32",,,"72","580",,,
"1512","14","32",,,"95","581",,,
"1513","14","32",,,"95","582",,,
"1514","14","32",,,"72","583",,,
"1515","14","32",,,"72","584",,,
"1516","14","32",,,"74","585",,,
"1517","14","32",,,"97","586",,,
"1518","14","32",,,"80","587",,,
"1519","14","32",,,"81","588",,,
"1520","14","32",,,"83","589",,,
"1521","14","32",,,"83","590",,,
"1522","14","32",,,"83","591",,,
"1523","14","32",,,"76","592",,,
"1524","14","32",,,"76","593",,,
"1525","14","32",,,"76","594",,,
"1526","14","32",,,"76","595",,,
"1527","14","32",,,"78","596",,,
"1528","14","32",,,"78","597",,,
"1529","14","32",,,"78","598",,,
"1530","14","32",,,"78","599",,,
"1531","14","32",,,"73","600",,,
"1532","14","32",,,"82","601",,,
"1533","14","32",,,"82","602",,,
"1534","14","32",,,"82","603",,,
"1535","14","32",,,"82","604",,,
"1536","14","32",,,"82","605",,,
"1537","14","32",,,"75","606",,,
"1538","14","32",,,"75","607",,,
"1539","14","32",,,"75","608",,,
"1540","14","32",,,"75","609",,,
"1541","14","32",,,"73","610",,,
"1542","14","32",,,"73","611",,,
"1543","14","32",,,"73","612",,,
"1544","14","32",,,"94","613",,,
"1545","14","32",,,"95","614",,,
"1546","14","32",,,"95","615",,,
"1547","14","32",,,"95","616",,,
"1548","14","32",,,"86","617",,,
"1549","14","32",,,"73","618",,,
"1550","14","32",,,"79","619",,,
"1551","14","32",,,"79","620",,,
"1552","14","32",,,"79","621",,,
"1553","14","32",,,"79","622",,,
"1554","14","32",,,"79","623",,,
"1555","14","32",,,"80","624",,,
"1556","14","32",,,"80","625",,,
"1557","14","53","59","24",,"626",,,
"1558","14","55","60","25",,"627",,,
"1559","14","56","61","26",,"628",,,
"1560","14","57","62","27",,"629",,,
"1561","14","57",,,,,"351",,
"1562","14","57",,,,,"352",,
"1563","14","57",,,,,"353",,
"1564","14","57",,,,,"354",,
"1565","14","57",,,,,"355",,
"1566","14","57",,,,,"356",,
"1567","14","57",,,,,"357",,
"1568","14","57",,,,,"358",,
"1569","14","57",,,,,"359",,
"1570","14","57",,,,,"360",,
"1571","14","57",,,,,"361",,
"1572","14","57",,,,,"362",,
"1573","14","57",,,,,"363",,
"1574","14","57",,,,,"364",,
"1575","14","57",,,,,"365",,
"1576","14","57",,,,,"366",,
"1577","14","57",,,,,"367",,
"1578","14","57",,,,,"368",,
"1579","14","57",,,,,"369",,
"1580","14","57",,,,,"370",,
"1581","14","64",,,,,"371",,
"1582","14","64",,,,,"372",,
"1583","14","64",,,,,"373",,
"1584","14","64",,,,,"374",,
"1585","14","64",,,,,"375",,
"1586","14","64",,,,,"376",,
"1587","14","64",,,,,"377",,
"1588","14","64",,,,,"378",,
"1589","14","64",,,,,"379",,
"1590","14","64",,,,,"380",,
"1591","14","64",,,,,"381",,
"1592","14","64",,,,,"382",,
"1593","14","64",,,,,"383",,
"1594","14","64",,,,,"384",,
"1595","14","64",,,,,"385",,
"1596","14","55",,,,,"386",,
"1597","14","55",,,,,"387",,
"1598","14","55",,,,,"388",,
"1599","14","55",,,,,"389",,
"1600","14","55",,,,,"390",,
"1601","14","55",,,,,"391",,
"1602","14","55",,,,,"392",,
"1603","14","55",,,,,"393",,
"1604","14","55",,,,,"394",,
"1605","14","55",,,,,"395",,
"1606","14","55",,,,,"396",,
"1607","14","55",,,,,"397",,
"1608","14","55",,,,,"398",,
"1609","14","55",,,,,"399",,
"1610","14","55",,,,,"400",,
"1611","14","55",,,,,"401",,
"1612","14","55",,,,,"402",,
"1613","14","55",,,,,"403",,
"1614","14","61",,,,,"404",,
"1615","14","61",,,,,"405",,
"1616","14","61",,,,,"406",,
"1617","14","61",,,,,"407",,
"1618","14","61",,,,,"408",,
"1619","14","61",,,,,"409",,
"1620","14","61",,,,,"410",,
"1621","14","61",,,,,"411",,
"1622","14","61",,,,,"412",,
"1623","14","61",,,,,"413",,
"1624","14","61",,,,,"414",,
"1625","14","61",,,,,"415",,
"1626","14","61",,,,,"416",,
"1627","14","61",,,,,"417",,
"1628","14","61",,,,,"418",,
"1629","14","56",,,,,"419",,
"1630","14","56",,,,,"420",,
"1631","14","56",,,,,"421",,
"1632","14","56",,,,,"422",,
"1633","14","56",,,,,"423",,
"1634","14","56",,,,,"424",,
"1635","14","56",,,,,"425",,
"1636","14","56",,,,,"426",,
"1637","14","56",,,,,"427",,
"1638","14","56",,,,,"428",,
"1639","14","56",,,,,"429",,
"1640","14","56",,,,,"430",,
"1641","14","56",,,,,"431",,
"1642","14","56",,,,,"432",,
"1643","14","56",,,,,"433",,
"1644","14","56",,,,,"434",,
"1645","14","56",,,,,"435",,
"1646","14","56",,,,,"436",,
"1647","14","56",,,,,"437",,
"1648","14","56",,,,,"438",,
"1649","14","56",,,,,"439",,
"1650","14","62",,,,,"440",,
"1651","14","62",,,,,"441",,
"1652","14","62",,,,,"442",,
"1653","14","62",,,,,"443",,
"1654","14","62",,,,,"444",,
"1655","14","62",,,,,"445",,
"1656","14","62",,,,,"446",,
"1657","14","62",,,,,"447",,
"1658","14","62",,,,,"448",,
"1659","14","62",,,,,"449",,
"1660","14","62",,,,,"450",,
"1661","14","62",,,,,"451",,
"1662","14","62",,,,,"452",,
"1663","14","62",,,,,"453",,
"1664","14","62",,,,,"454",,
"1665","14","62",,,,,"455",,
"1666","14","62",,,,,"456",,
"1667","14","60",,,,,"457",,
"1668","14","60",,,,,"458",,
"1669","14","60",,,,,"459",,
"1670","14","60",,,,,"460",,
"1671","14","60",,,,,"461",,
"1672","14","60",,,,,"462",,
"1673","14","60",,,,,"463",,
"1674","14","60",,,,,"464",,
"1675","14","60",,,,,"465",,
"1676","14","60",,,,,"466",,
"1677","14","60",,,,,"467",,
"1678","14","60",,,,,"468",,
"1679","14","60",,,,,"469",,
"1680","14","63",,,,,"470",,
"1681","14","63",,,,,"471",,
"1682","14","63",,,,,"472",,
"1683","14","59",,,,,"473",,
"1684","14","59",,,,,"474",,
"1685","14","59",,,,,"475",,
"1686","14","59",,,,,"476",,
"1687","14","59",,,,,"477",,
"1688","14","59",,,,,"478",,
"1689","14","59",,,,,"479",,
"1690","14","59",,,,,"480",,
"1691","14","59",,,,,"481",,
"1692","14","59",,,,,"482",,
"1693","14","59",,,,,"483",,
"1694","14","59",,,,,"484",,
"1695","14","59",,,,,"485",,
"1696","14","59",,,,,"486",,
"1697","14","59",,,,,"487",,
"1698","14","58",,,,,"488",,
"1699","14","58",,,,,"489",,
"1700","14","58",,,,,"490",,
"1701","14","58",,,,,"491",,
"1702","14","58",,,,,"492",,
"1703","14","58",,,,,"493",,
"1704","14","58",,,,,"494",,
"1705","14","58",,,,,"495",,
"1706","14","58",,,,,"496",,
"1707","14","58",,,,,"497",,
"1708","14","58",,,,,"498",,
"1709","14","58",,,,,"499",,
"1710","14","58",,,,,"500",,
"1711","14","58",,,,,"501",,
"1712","14","58",,,,,"502",,
"1713","14","58",,,,,"503",,
"1714","14","58",,,,,"504",,
"1715","14","58",,,,,"505",,
"1716","14","58",,,,,"506",,
"1717","14","58",,,,,"507",,
"1718","14","58",,,,,"508",,
"1719","14","58",,,,,"509",,
"1720","14","58",,,,,"510",,
"1721","14","58",,,,,"511",,
"1722","14","58",,,,,"512",,
"1723","14","58",,,,,"513",,
"1724","14","53",,,,,"514",,
"1725","14","53",,,,,"515",,
"1726","14","53",,,,,"516",,
"1727","14","53",,,,,"517",,
"1728","14","53",,,,,"518",,
"1729","14","53",,,,,"519",,
"1730","14","53",,,,,"520",,
"1731","14","53",,,,,"521",,
"1732","14","53",,,,,"522",,
"1733","14","53",,,,,"523",,
"1734","14","53",,,,,"524",,
"1735","14","53",,,,,"525",,
"1736","14","53","63","24",,"630",,,
"1737","14","60","64","30",,"631",,,
"1738","14","55","65","25",,"632",,,
"1739","14","61","66","31",,"633",,,
"1740","14","55","65","25",,"634",,,
"1741","14","60","64","30",,"635",,,
"1742","14","60","64","30",,"636",,,
"1743","14","55","65","25",,"637",,,
"1744","14","61","66","31",,"638",,,
"1745","14","61","66","31",,"639",,,
"1746","14","61","66","31",,"640",,,
"1747","14","60","64","30",,"641",,,
"1748","14","55","65","25",,"642",,,
"1749","14","61","66","31",,"643",,,
"1750","14","55","65","25",,"644",,,
"1751","14","60","64","30",,"645",,,
"1752","14","55","65","25",,"646",,,
"1753","14","55","65","25",,"647",,,
"1754","14","55","65","25",,"648",,,
"1755","14","55","65","25",,"649",,,
"1756","14","55","65","25",,"650",,,
"1757","14","55","65","25",,"651",,,
"1758","14","60","64","30",,"652",,,
"1759","14","60","64","30",,"653",,,
"1760","14","55","65","25",,"654",,,
"1761","14","61","66","31",,"655",,,
"1762","14","55","65","25",,"656",,,
"1763","14","55","65","25",,"657",,,
"1764","14","55","65","25",,"658",,,
"1765","14","61","66","31",,"659",,,
"1766","14","60","64","30",,"660",,,
"1767","14","55","65","25",,"661",,,
"1768","14","61","66","31",,"662",,,
"1769","14","55","65","25",,"663",,,
"1770","14","60","64","30",,"664",,,
"1771","14","60","64","30",,"665",,,
"1772","14","61","66","31",,"666",,,
"1773","14","55","65","25",,"667",,,
"1774","14","60","64","30",,"668",,,
"1775","14","55","65","25",,"669",,,
"1776","14","60","64","30",,"670",,,
"1777","14","55","65","25",,"671",,,
"1778","14","55","65","25",,"672",,,
"1779","14","60","64","30",,"673",,,
"1780","14","55","65","25",,"674",,,
"1781","14","60","64","30",,"675",,,
"1782","14","61","66","31",,"676",,,
"1783","14","55","65","25",,"677",,,
"1784","14","60","64","30",,"678",,,
"1785","14","55","65","25",,"679",,,
"1786","14","61","66","31",,"680",,,
"1787","14","60","64","30",,"681",,,
"1788","14","55","65","25",,"682",,,
"1789","14","55","65","25",,"683",,,
"1790","14","61","66","31",,"684",,,
"1791","14","60","64","30",,"685",,,
"1792","14","55","65","25",,"686",,,
"1793","14","60","64","30",,"687",,,
"1794","14","61","66","31",,"688",,,
"1795","14","60","64","30",,"689",,,
"1796","14","55","65","25",,"690",,,
"1797","14","55","65","25",,"691",,,
"1798","14","60","64","30",,"692",,,
"1799","14","55","65","25",,"693",,,
"1800","14","55","65","25",,"694",,,
"1801","14","60","64","30",,"695",,,
"1802","14","55","65","25",,"696",,,
"1803","14","55","65","25",,"697",,,
"1804","14","55","65","25",,"698",,,
"1805","14","55","65","25",,"699",,,
"1806","14","56","67","26",,"700",,,
"1807","14","61","66","31",,"701",,,
"1808","14","60","64","30",,"702",,,
"1809","14","55","65","25",,"703",,,
"1810","14","55","65","25",,"704",,,
"1811","14","60","64","30",,"705",,,
"1812","14","61","66","31",,"706",,,
"1813","14","55","65","25",,"707",,,
"1814","14","60","64","30",,"708",,,
"1815","14","60","64","30",,"709",,,
"1816","14","55","65","25",,"710",,,
"1817","14","60","64","30",,"711",,,
"1818","14","55","65","25",,"712",,,
"1819","14","55","65","25",,"713",,,
"1820","14","61","66","31",,"714",,,
"1821","14","61","66","31",,"715",,,
"1822","14","59","68","29",,"716",,,
"1823","14","59","68","29",,"717",,,
"1824","14","59","68","29",,"718",,,
"1825","14","59","68","29",,"719",,,
"1826","14","59","68","29",,"720",,,
"1827","14","59","68","29",,"721",,,
"1828","14","59","68","29",,"722",,,
"1829","14","59","68","29",,"723",,,
"1830","14","59","68","29",,"724",,,
"1831","14","59","68","29",,"725",,,
"1832","14","59","68","29",,"726",,,
"1833","14","59","68","29",,"727",,,
"1834","14","59","68","29",,"728",,,
"1835","14","59","68","29",,"729",,,
"1836","14","59","68","29",,"730",,,
"1837","14","62","69","32",,"731",,,
"1838","14","62","69","32",,"732",,,
"1839","14","53","59","24",,"733",,,
"1840","14","53","59","24",,"734",,,
"1841","14","53","59","24",,"735",,,
"1842","14","53","59","24",,"736",,,
"1843","14","61","66","31",,"737",,,
"1844","14","58","70","28",,"738",,,
"1845","14","59","68","29",,"739",,,
"1846","14","60","64","30",,"740",,,
"1847","14","55","65","25",,"741",,,
"1848","14","56","67","26",,"742",,,
"1849","14","62","71","32",,"743",,,
"1850","14","57","72","27",,"744",,,
"1851","14","64","73","34",,"745",,,
"1852","14","58","70","28",,"746",,,
"1853","14","56","67","26",,"747",,,
"1854","14","55","65","25",,"748",,,
"1855","14","61","66","31",,"749",,,
"1856","14","62","71","32",,"750",,,
"1857","14","57","72","27",,"751",,,
"1858","14","64","73","34",,"752",,,
"1859","14","59","68","29",,"753",,,
"1860","14","60","64","30",,"754",,,
"1861","14","61","66","31",,"755",,,
"1862","14","58","70","28",,"756",,,
"1863","14","58","70","28",,"757",,,
"1864","14","61","66","31",,"758",,,
"1865","14","62","71","32",,"759",,,
"1866","14","55","65","25",,"760",,,
"1867","14","57","72","27",,"761",,,
"1868","14","56","67","26",,"762",,,
"1869","14","64","73","34",,"763",,,
"1870","14","60","64","30",,"764",,,
"1871","14","59","68","29",,"765",,,
"1872","14","58","70","28",,"766",,,
"1873","14","61","66","31",,"767",,,
"1874","14","53","59","24",,"768",,,
"1875","14","53","59","24",,"769",,,
"1876","14","53","59","24",,"770",,,
"1877","14","53","59","24",,"771",,,
"1878","14","53","59","24",,"772",,,
"1879","14","53","59","24",,"773",,,
"1880","14","53","59","24",,"774",,,
"1881","14","53","59","24",,"775",,,
"1882","14","53","59","24",,"776",,,
"1883","14","53","59","24",,"777",,,
"1884","14","62","74","32",,"778",,,
"1885","14","61","75","31",,"779",,,
"1886","14","56","76","26",,"780",,,
"1887","14","53","77","24",,"781",,,
"1888","14","53","78","24",,"782",,,
"1889","14","53","79","24",,"783",,,
"1890","14","61","60","31",,"784",,,
"1891","14","53","80","24",,"785",,,
"1892","14","55","81","25",,"786",,,
"1893","14","55","82","25",,"787",,,
"1894","14","55","81","25",,"788",,,
"1895","14","56","76","26",,"789",,,
"1896","14","53","79","24",,"790",,,
"1897","14","56","76","26",,"791",,,
"1898","14","55","81","25",,"792",,,
"1899","14","55","81","25",,"793",,,
"1900","14","56","76","26",,"794",,,
"1901","14","58","70","28",,"795",,,
"1902","14","59","68","29",,"796",,,
"1903","14","64","73","34",,"797",,,
"1904","14","56","67","26",,"798",,,
"1905","14","58","70","28",,"799",,,
"1906","14","61","66","31",,"800",,,
"1907","14","63","86","33",,"801",,,
"1908","14","60","64","30",,"802",,,
"1909","14","62","71","32",,"803",,,
"1910","14","55","65","25",,"804",,,
"1911","14","59","68","29",,"805",,,
"1912","14","57","72","27",,"806",,,
"1913","14","64","73","34",,"807",,,
"1914","14","64","73","34",,"808",,,
"1915","14","64","73","34",,"809",,,
"1916","14","64","73","34",,"810",,,
"1917","14","64","73","34",,"811",,,
"1918","14","64","73","34",,"812",,,
"1919","14","64","73","34",,"813",,,
"1921","15","32",,,"67",,,,
"1922","15","32",,,"68",,,,
"1923","15","32",,,"69",,,,
"1924","15","32",,,"70",,,,
"1925","15","32",,,"71",,,,
"1926","15","32",,,"72",,,,
"1927","15","32",,,"73",,,,
"1928","15","32",,,"74",,,,
"1929","15","32",,,"75",,,,
"1930","15","32",,,"76",,,,
"1931","15","32",,,"77",,,,
"1932","15","32",,,"78",,,,
"1933","15","32",,,"79",,,,
"1934","15","32",,,"80",,,,
"1935","15","32",,,"81",,,,
"1936","15","32",,,"82",,,,
"1937","15","32",,,"83",,,,
"1938","15","32",,,"84",,,,
"1939","15","32",,,"85",,,,
"1940","15","32",,,"86",,,,
"1941","15","32",,,"87",,,,
"1942","15","32",,,"88",,,,
"1943","15","32",,,"89",,,,
"1944","15","32",,,"90",,,,
"1945","15","32",,,"91",,,,
"1946","15","32",,,"92",,,,
"1947","15","32",,,"93",,,,
"1948","15","32",,,"94",,,,
"1949","15","32",,,"95",,,,
"1950","15","32",,,"96",,,,
"1951","15","32",,,"97",,,,
"1952","15","32",,,"98",,,,
"1953","15","32",,,"99",,,,
"1954","15","32",,,"70","543",,,
"1955","15","32",,,"70","544",,,
"1956","15","32",,,"71","545",,,
"1957","15","32",,,"70","546",,,
"1958","15","32",,,"70","547",,,
"1959","15","32",,,"71","548",,,
"1960","15","32",,,"85","549",,,
"1961","15","32",,,"72","550",,,
"1962","15","32",,,"69","551",,,
"1963","15","32",,,"70","552",,,
"1964","15","32",,,"70","553",,,
"1965","15","32",,,"85","554",,,
"1966","15","32",,,"85","555",,,
"1967","15","32",,,"71","556",,,
"1968","15","32",,,"72","557",,,
"1969","15","32",,,"83","558",,,
"1970","15","32",,,"71","559",,,
"1971","15","32",,,"77","560",,,
"1972","15","32",,,"86","561",,,
"1973","15","32",,,"77","562",,,
"1974","15","32",,,"71","563",,,
"1975","15","32",,,"71","564",,,
"1976","15","32",,,"77","565",,,
"1977","15","32",,,"77","566",,,
"1978","15","32",,,"71","567",,,
"1979","15","32",,,"77","568",,,
"1980","15","32",,,"83","569",,,
"1981","15","32",,,"86","570",,,
"1982","15","32",,,"86","571",,,
"1983","15","32",,,"86","572",,,
"1984","15","32",,,"72","573",,,
"1985","15","32",,,"74","574",,,
"1986","15","32",,,"85","575",,,
"1987","15","32",,,"74","576",,,
"1988","15","32",,,"85","577",,,
"1989","15","32",,,"74","578",,,
"1990","15","32",,,"87","579",,,
"1991","15","32",,,"72","580",,,
"1992","15","32",,,"95","581",,,
"1993","15","32",,,"95","582",,,
"1994","15","32",,,"72","583",,,
"1995","15","32",,,"72","584",,,
"1996","15","32",,,"74","585",,,
"1997","15","32",,,"97","586",,,
"1998","15","32",,,"80","587",,,
"1999","15","32",,,"81","588",,,
"2000","15","32",,,"83","589",,,
"2001","15","32",,,"83","590",,,
"2002","15","32",,,"83","591",,,
"2003","15","32",,,"76","592",,,
"2004","15","32",,,"76","593",,,
"2005","15","32",,,"76","594",,,
"2006","15","32",,,"76","595",,,
"2007","15","32",,,"78","596",,,
"2008","15","32",,,"78","597",,,
"2009","15","32",,,"78","598",,,
"2010","15","32",,,"78","599",,,
"2011","15","32",,,"73","600",,,
"2012","15","32",,,"82","601",,,
"2013","15","32",,,"82","602",,,
"2014","15","32",,,"82","603",,,
"2015","15","32",,,"82","604",,,
"2016","15","32",,,"82","605",,,
"2017","15","32",,,"75","606",,,
"2018","15","32",,,"75","607",,,
"2019","15","32",,,"75","608",,,
"2020","15","32",,,"75","609",,,
"2021","15","32",,,"73","610",,,
"2022","15","32",,,"73","611",,,
"2023","15","32",,,"73","612",,,
"2024","15","32",,,"94","613",,,
"2025","15","32",,,"95","614",,,
"2026","15","32",,,"95","615",,,
"2027","15","32",,,"95","616",,,
"2028","15","32",,,"86","617",,,
"2029","15","32",,,"73","618",,,
"2030","15","32",,,"79","619",,,
"2031","15","32",,,"79","620",,,
"2032","15","32",,,"79","621",,,
"2033","15","32",,,"79","622",,,
"2034","15","32",,,"79","623",,,
"2035","15","32",,,"80","624",,,
"2036","15","32",,,"80","625",,,
"2037","15","53","59","24",,"626",,,
"2038","15","55","60","25",,"627",,,
"2039","15","56","61","26",,"628",,,
"2040","15","57","62","27",,"629",,,
"2041","15","57",,,,,"351",,
"2042","15","57",,,,,"352",,
"2043","15","57",,,,,"353",,
"2044","15","57",,,,,"354",,
"2045","15","57",,,,,"355",,
"2046","15","57",,,,,"356",,
"2047","15","57",,,,,"357",,
"2048","15","57",,,,,"358",,
"2049","15","57",,,,,"359",,
"2050","15","57",,,,,"360",,
"2051","15","57",,,,,"361",,
"2052","15","57",,,,,"362",,
"2053","15","57",,,,,"363",,
"2054","15","57",,,,,"364",,
"2055","15","57",,,,,"365",,
"2056","15","57",,,,,"366",,
"2057","15","57",,,,,"367",,
"2058","15","57",,,,,"368",,
"2059","15","57",,,,,"369",,
"2060","15","57",,,,,"370",,
"2061","15","64",,,,,"371",,
"2062","15","64",,,,,"372",,
"2063","15","64",,,,,"373",,
"2064","15","64",,,,,"374",,
"2065","15","64",,,,,"375",,
"2066","15","64",,,,,"376",,
"2067","15","64",,,,,"377",,
"2068","15","64",,,,,"378",,
"2069","15","64",,,,,"379",,
"2070","15","64",,,,,"380",,
"2071","15","64",,,,,"381",,
"2072","15","64",,,,,"382",,
"2073","15","64",,,,,"383",,
"2074","15","64",,,,,"384",,
"2075","15","64",,,,,"385",,
"2076","15","55",,,,,"386",,
"2077","15","55",,,,,"387",,
"2078","15","55",,,,,"388",,
"2079","15","55",,,,,"389",,
"2080","15","55",,,,,"390",,
"2081","15","55",,,,,"391",,
"2082","15","55",,,,,"392",,
"2083","15","55",,,,,"393",,
"2084","15","55",,,,,"394",,
"2085","15","55",,,,,"395",,
"2086","15","55",,,,,"396",,
"2087","15","55",,,,,"397",,
"2088","15","55",,,,,"398",,
"2089","15","55",,,,,"399",,
"2090","15","55",,,,,"400",,
"2091","15","55",,,,,"401",,
"2092","15","55",,,,,"402",,
"2093","15","55",,,,,"403",,
"2094","15","61",,,,,"404",,
"2095","15","61",,,,,"405",,
"2096","15","61",,,,,"406",,
"2097","15","61",,,,,"407",,
"2098","15","61",,,,,"408",,
"2099","15","61",,,,,"409",,
"2100","15","61",,,,,"410",,
"2101","15","61",,,,,"411",,
"2102","15","61",,,,,"412",,
"2103","15","61",,,,,"413",,
"2104","15","61",,,,,"414",,
"2105","15","61",,,,,"415",,
"2106","15","61",,,,,"416",,
"2107","15","61",,,,,"417",,
"2108","15","61",,,,,"418",,
"2109","15","56",,,,,"419",,
"2110","15","56",,,,,"420",,
"2111","15","56",,,,,"421",,
"2112","15","56",,,,,"422",,
"2113","15","56",,,,,"423",,
"2114","15","56",,,,,"424",,
"2115","15","56",,,,,"425",,
"2116","15","56",,,,,"426",,
"2117","15","56",,,,,"427",,
"2118","15","56",,,,,"428",,
"2119","15","56",,,,,"429",,
"2120","15","56",,,,,"430",,
"2121","15","56",,,,,"431",,
"2122","15","56",,,,,"432",,
"2123","15","56",,,,,"433",,
"2124","15","56",,,,,"434",,
"2125","15","56",,,,,"435",,
"2126","15","56",,,,,"436",,
"2127","15","56",,,,,"437",,
"2128","15","56",,,,,"438",,
"2129","15","56",,,,,"439",,
"2130","15","62",,,,,"440",,
"2131","15","62",,,,,"441",,
"2132","15","62",,,,,"442",,
"2133","15","62",,,,,"443",,
"2134","15","62",,,,,"444",,
"2135","15","62",,,,,"445",,
"2136","15","62",,,,,"446",,
"2137","15","62",,,,,"447",,
"2138","15","62",,,,,"448",,
"2139","15","62",,,,,"449",,
"2140","15","62",,,,,"450",,
"2141","15","62",,,,,"451",,
"2142","15","62",,,,,"452",,
"2143","15","62",,,,,"453",,
"2144","15","62",,,,,"454",,
"2145","15","62",,,,,"455",,
"2146","15","62",,,,,"456",,
"2147","15","60",,,,,"457",,
"2148","15","60",,,,,"458",,
"2149","15","60",,,,,"459",,
"2150","15","60",,,,,"460",,
"2151","15","60",,,,,"461",,
"2152","15","60",,,,,"462",,
"2153","15","60",,,,,"463",,
"2154","15","60",,,,,"464",,
"2155","15","60",,,,,"465",,
"2156","15","60",,,,,"466",,
"2157","15","60",,,,,"467",,
"2158","15","60",,,,,"468",,
"2159","15","60",,,,,"469",,
"2160","15","63",,,,,"470",,
"2161","15","63",,,,,"471",,
"2162","15","63",,,,,"472",,
"2163","15","59",,,,,"473",,
"2164","15","59",,,,,"474",,
"2165","15","59",,,,,"475",,
"2166","15","59",,,,,"476",,
"2167","15","59",,,,,"477",,
"2168","15","59",,,,,"478",,
"2169","15","59",,,,,"479",,
"2170","15","59",,,,,"480",,
"2171","15","59",,,,,"481",,
"2172","15","59",,,,,"482",,
"2173","15","59",,,,,"483",,
"2174","15","59",,,,,"484",,
"2175","15","59",,,,,"485",,
"2176","15","59",,,,,"486",,
"2177","15","59",,,,,"487",,
"2178","15","58",,,,,"488",,
"2179","15","58",,,,,"489",,
"2180","15","58",,,,,"490",,
"2181","15","58",,,,,"491",,
"2182","15","58",,,,,"492",,
"2183","15","58",,,,,"493",,
"2184","15","58",,,,,"494",,
"2185","15","58",,,,,"495",,
"2186","15","58",,,,,"496",,
"2187","15","58",,,,,"497",,
"2188","15","58",,,,,"498",,
"2189","15","58",,,,,"499",,
"2190","15","58",,,,,"500",,
"2191","15","58",,,,,"501",,
"2192","15","58",,,,,"502",,
"2193","15","58",,,,,"503",,
"2194","15","58",,,,,"504",,
"2195","15","58",,,,,"505",,
"2196","15","58",,,,,"506",,
"2197","15","58",,,,,"507",,
"2198","15","58",,,,,"508",,
"2199","15","58",,,,,"509",,
"2200","15","58",,,,,"510",,
"2201","15","58",,,,,"511",,
"2202","15","58",,,,,"512",,
"2203","15","58",,,,,"513",,
"2204","15","53",,,,,"514",,
"2205","15","53",,,,,"515",,
"2206","15","53",,,,,"516",,
"2207","15","53",,,,,"517",,
"2208","15","53",,,,,"518",,
"2209","15","53",,,,,"519",,
"2210","15","53",,,,,"520",,
"2211","15","53",,,,,"521",,
"2212","15","53",,,,,"522",,
"2213","15","53",,,,,"523",,
"2214","15","53",,,,,"524",,
"2215","15","53",,,,,"525",,
"2216","15","53","63","24",,"630",,,
"2217","15","60","64","30",,"631",,,
"2218","15","55","65","25",,"632",,,
"2219","15","61","66","31",,"633",,,
"2220","15","55","65","25",,"634",,,
"2221","15","60","64","30",,"635",,,
"2222","15","60","64","30",,"636",,,
"2223","15","55","65","25",,"637",,,
"2224","15","61","66","31",,"638",,,
"2225","15","61","66","31",,"639",,,
"2226","15","61","66","31",,"640",,,
"2227","15","60","64","30",,"641",,,
"2228","15","55","65","25",,"642",,,
"2229","15","61","66","31",,"643",,,
"2230","15","55","65","25",,"644",,,
"2231","15","60","64","30",,"645",,,
"2232","15","55","65","25",,"646",,,
"2233","15","55","65","25",,"647",,,
"2234","15","55","65","25",,"648",,,
"2235","15","55","65","25",,"649",,,
"2236","15","55","65","25",,"650",,,
"2237","15","55","65","25",,"651",,,
"2238","15","60","64","30",,"652",,,
"2239","15","60","64","30",,"653",,,
"2240","15","55","65","25",,"654",,,
"2241","15","61","66","31",,"655",,,
"2242","15","55","65","25",,"656",,,
"2243","15","55","65","25",,"657",,,
"2244","15","55","65","25",,"658",,,
"2245","15","61","66","31",,"659",,,
"2246","15","60","64","30",,"660",,,
"2247","15","55","65","25",,"661",,,
"2248","15","61","66","31",,"662",,,
"2249","15","55","65","25",,"663",,,
"2250","15","60","64","30",,"664",,,
"2251","15","60","64","30",,"665",,,
"2252","15","61","66","31",,"666",,,
"2253","15","55","65","25",,"667",,,
"2254","15","60","64","30",,"668",,,
"2255","15","55","65","25",,"669",,,
"2256","15","60","64","30",,"670",,,
"2257","15","55","65","25",,"671",,,
"2258","15","55","65","25",,"672",,,
"2259","15","60","64","30",,"673",,,
"2260","15","55","65","25",,"674",,,
"2261","15","60","64","30",,"675",,,
"2262","15","61","66","31",,"676",,,
"2263","15","55","65","25",,"677",,,
"2264","15","60","64","30",,"678",,,
"2265","15","55","65","25",,"679",,,
"2266","15","61","66","31",,"680",,,
"2267","15","60","64","30",,"681",,,
"2268","15","55","65","25",,"682",,,
"2269","15","55","65","25",,"683",,,
"2270","15","61","66","31",,"684",,,
"2271","15","60","64","30",,"685",,,
"2272","15","55","65","25",,"686",,,
"2273","15","60","64","30",,"687",,,
"2274","15","61","66","31",,"688",,,
"2275","15","60","64","30",,"689",,,
"2276","15","55","65","25",,"690",,,
"2277","15","55","65","25",,"691",,,
"2278","15","60","64","30",,"692",,,
"2279","15","55","65","25",,"693",,,
"2280","15","55","65","25",,"694",,,
"2281","15","60","64","30",,"695",,,
"2282","15","55","65","25",,"696",,,
"2283","15","55","65","25",,"697",,,
"2284","15","55","65","25",,"698",,,
"2285","15","55","65","25",,"699",,,
"2286","15","56","67","26",,"700",,,
"2287","15","61","66","31",,"701",,,
"2288","15","60","64","30",,"702",,,
"2289","15","55","65","25",,"703",,,
"2290","15","55","65","25",,"704",,,
"2291","15","60","64","30",,"705",,,
"2292","15","61","66","31",,"706",,,
"2293","15","55","65","25",,"707",,,
"2294","15","60","64","30",,"708",,,
"2295","15","60","64","30",,"709",,,
"2296","15","55","65","25",,"710",,,
"2297","15","60","64","30",,"711",,,
"2298","15","55","65","25",,"712",,,
"2299","15","55","65","25",,"713",,,
"2300","15","61","66","31",,"714",,,
"2301","15","61","66","31",,"715",,,
"2302","15","59","68","29",,"716",,,
"2303","15","59","68","29",,"717",,,
"2304","15","59","68","29",,"718",,,
"2305","15","59","68","29",,"719",,,
"2306","15","59","68","29",,"720",,,
"2307","15","59","68","29",,"721",,,
"2308","15","59","68","29",,"722",,,
"2309","15","59","68","29",,"723",,,
"2310","15","59","68","29",,"724",,,
"2311","15","59","68","29",,"725",,,
"2312","15","59","68","29",,"726",,,
"2313","15","59","68","29",,"727",,,
"2314","15","59","68","29",,"728",,,
"2315","15","59","68","29",,"729",,,
"2316","15","59","68","29",,"730",,,
"2317","15","62","69","32",,"731",,,
"2318","15","62","69","32",,"732",,,
"2319","15","53","59","24",,"733",,,
"2320","15","53","59","24",,"734",,,
"2321","15","53","59","24",,"735",,,
"2322","15","53","59","24",,"736",,,
"2323","15","61","66","31",,"737",,,
"2324","15","58","70","28",,"738",,,
"2325","15","59","68","29",,"739",,,
"2326","15","60","64","30",,"740",,,
"2327","15","55","65","25",,"741",,,
"2328","15","56","67","26",,"742",,,
"2329","15","62","71","32",,"743",,,
"2330","15","57","72","27",,"744",,,
"2331","15","64","73","34",,"745",,,
"2332","15","58","70","28",,"746",,,
"2333","15","56","67","26",,"747",,,
"2334","15","55","65","25",,"748",,,
"2335","15","61","66","31",,"749",,,
"2336","15","62","71","32",,"750",,,
"2337","15","57","72","27",,"751",,,
"2338","15","64","73","34",,"752",,,
"2339","15","59","68","29",,"753",,,
"2340","15","60","64","30",,"754",,,
"2341","15","61","66","31",,"755",,,
"2342","15","58","70","28",,"756",,,
"2343","15","58","70","28",,"757",,,
"2344","15","61","66","31",,"758",,,
"2345","15","62","71","32",,"759",,,
"2346","15","55","65","25",,"760",,,
"2347","15","57","72","27",,"761",,,
"2348","15","56","67","26",,"762",,,
"2349","15","64","73","34",,"763",,,
"2350","15","60","64","30",,"764",,,
"2351","15","59","68","29",,"765",,,
"2352","15","58","70","28",,"766",,,
"2353","15","61","66","31",,"767",,,
"2354","15","53","59","24",,"768",,,
"2355","15","53","59","24",,"769",,,
"2356","15","53","59","24",,"770",,,
"2357","15","53","59","24",,"771",,,
"2358","15","53","59","24",,"772",,,
"2359","15","53","59","24",,"773",,,
"2360","15","53","59","24",,"774",,,
"2361","15","53","59","24",,"775",,,
"2362","15","53","59","24",,"776",,,
"2363","15","53","59","24",,"777",,,
"2364","15","62","74","32",,"778",,,
"2365","15","61","75","31",,"779",,,
"2366","15","56","76","26",,"780",,,
"2367","15","53","77","24",,"781",,,
"2368","15","53","78","24",,"782",,,
"2369","15","53","79","24",,"783",,,
"2370","15","61","60","31",,"784",,,
"2371","15","53","80","24",,"785",,,
"2372","15","55","81","25",,"786",,,
"2373","15","55","82","25",,"787",,,
"2374","15","55","81","25",,"788",,,
"2375","15","56","76","26",,"789",,,
"2376","15","53","79","24",,"790",,,
"2377","15","56","76","26",,"791",,,
"2378","15","55","81","25",,"792",,,
"2379","15","55","81","25",,"793",,,
"2380","15","56","76","26",,"794",,,
"2381","15","58","70","28",,"795",,,
"2382","15","59","68","29",,"796",,,
"2383","15","64","73","34",,"797",,,
"2384","15","56","67","26",,"798",,,
"2385","15","58","70","28",,"799",,,
"2386","15","61","66","31",,"800",,,
"2387","15","63","86","33",,"801",,,
"2388","15","60","64","30",,"802",,,
"2389","15","62","71","32",,"803",,,
"2390","15","55","65","25",,"804",,,
"2391","15","59","68","29",,"805",,,
"2392","15","57","72","27",,"806",,,
"2393","15","64","73","34",,"807",,,
"2394","15","64","73","34",,"808",,,
"2395","15","64","73","34",,"809",,,
"2396","15","64","73","34",,"810",,,
"2397","15","64","73","34",,"811",,,
"2398","15","64","73","34",,"812",,,
"2399","15","64","73","34",,"813",,,
