id, asset_web_id, uri
"1","1","/webtemp/jsloader-ed288164b937.js"
"2","1","/webtemp/jsloader-5f508db784cc.js"
"3","1","/robots.txt"
"4","1","/"
"5","1","/news.php"
"6","1","/articles.php"
"7","1","/news_cats.php"
"8","1","/weblinks.php"
"9","1","/downloads.php"
"10","1","/photogallery.php"
"11","1","/faq.php"
"12","1","/contact.php"
"13","1","/search.php"
"14","1","/submit.php"
"15","1","/index.php"
"16","1","/infusions/devLogs/index.php"
"17","1","/infusions/shoutbox_panel/shoutbox_archive.php"
"18","1","/infusions/accordion_navigation_panel/accordion.js"
"19","1","/register.php"
"20","1","/profile.php"
"21","1","/print.php"
"22","1","/includes/securimage/securimage_play.php"
"23","1","/includes/lightbox.js"
"24","1","/includes/jscript.js"
"25","1","/includes/prototype.js"
"26","1","/includes/scriptaculous.js"
"27","1","/includes/jquery.js"
"28","1","/setuser.php"
"29","1","/lostpassword.php"
"30","1","/messages.php"
"31","1","/web_feed/news.php"
"32","1","/static/js/script-ssp.js"
"33","1","/js/script.js"
"34","31","/webtemp/jsloader-ed288164b937.js"
"35","31","/webtemp/jsloader-5f508db784cc.js"
"36","31","/robots.txt"
"37","31","/"
"38","31","/news.php"
"39","31","/articles.php"
"40","31","/news_cats.php"
"41","31","/weblinks.php"
"42","31","/downloads.php"
"43","31","/photogallery.php"
"44","31","/faq.php"
"45","31","/contact.php"
"46","31","/search.php"
"47","31","/submit.php"
"48","31","/index.php"
"49","31","/infusions/devLogs/index.php"
"50","31","/infusions/shoutbox_panel/shoutbox_archive.php"
"51","31","/infusions/accordion_navigation_panel/accordion.js"
"52","31","/register.php"
"53","31","/profile.php"
"54","31","/print.php"
"55","31","/includes/securimage/securimage_play.php"
"56","31","/includes/lightbox.js"
"57","31","/includes/jscript.js"
"58","31","/includes/prototype.js"
"59","31","/includes/scriptaculous.js"
"60","31","/includes/jquery.js"
"61","31","/setuser.php"
"62","31","/lostpassword.php"
"63","31","/messages.php"
"64","31","/web_feed/news.php"
"65","31","/static/js/script-ssp.js"
"66","31","/js/script.js"
"67","32","/webtemp/jsloader-ed288164b937.js"
"68","32","/webtemp/jsloader-5f508db784cc.js"
"69","32","/robots.txt"
"70","32","/"
"71","32","/news.php"
"72","32","/articles.php"
"73","32","/news_cats.php"
"74","32","/weblinks.php"
"75","32","/downloads.php"
"76","32","/photogallery.php"
"77","32","/faq.php"
"78","32","/contact.php"
"79","32","/search.php"
"80","32","/submit.php"
"81","32","/index.php"
"82","32","/infusions/devLogs/index.php"
"83","32","/infusions/shoutbox_panel/shoutbox_archive.php"
"84","32","/infusions/accordion_navigation_panel/accordion.js"
"85","32","/register.php"
"86","32","/profile.php"
"87","32","/print.php"
"88","32","/includes/securimage/securimage_play.php"
"89","32","/includes/lightbox.js"
"90","32","/includes/jscript.js"
"91","32","/includes/prototype.js"
"92","32","/includes/scriptaculous.js"
"93","32","/includes/jquery.js"
"94","32","/setuser.php"
"95","32","/lostpassword.php"
"96","32","/messages.php"
"97","32","/web_feed/news.php"
"98","32","/static/js/script-ssp.js"
"99","32","/js/script.js"